YEAR	EVENT_TYPE	DEATHS	INJURIES	DAMAGE_PROPERTY	TAVG
1990	Tornado	290	350	250000000	26.95
1990	Tornado	60	60	25000000	24.45
1990	Tornado	20	21	25000000	26.95
1990	Tornado	20	10	2500000	17.5
1990	Tornado	10	4	250000	21.95
1990	Tornado	10	0	2500000	20.6
1990	Tornado	10	6	250000	17.25
1990	Tornado	10	0	250000	21.15
1990	Tornado	10	4	250000	13.6
1990	Tornado	10	1	0	25.3
1990	Hail	0	0	0	21.7
1990	Hail	0	0	0	26.95
1990	Hail	0	0	0	22.8
1990	Hail	0	0	0	21.15
1990	Hail	0	0	0	28.35
1990	Hail	0	0	0	15.85
1990	Hail	0	0	0	20.3
1990	Hail	0	0	0	27.25
1990	Hail	0	0	0	16.15
1990	Hail	0	0	0	19.45
1990	Thunderstorm	60	0	0	24.5
1990	Thunderstorm	40	0	0	28.05
1990	Thunderstorm	30	8	0	22.8
1990	Thunderstorm	30	3	0	23.35
1990	Thunderstorm	30	1	0	18.9
1990	Thunderstorm	20	2	0	18.9
1990	Thunderstorm	10	3	0	19.15
1990	Thunderstorm	10	0	0	19.7
1990	Thunderstorm	10	0	0	23.9
1990	Thunderstorm	10	0	0	13.05
1991	Tornado	130	150	250000000	19.75
1991	Tornado	50	13	250000	13.65
1991	Tornado	40	45	25000000	22.75
1991	Tornado	40	75	250000000	19.75
1991	Tornado	20	64	25000000	16.1
1991	Tornado	10	12	2500000	18.05
1991	Tornado	10	6	25000000	12.5
1991	Tornado	10	5	2500000	16.4
1991	Tornado	10	2	250000	21.1
1991	Tornado	10	5	2500000	22.8
1991	Hail	40	0	0	21.4
1991	Hail	0	0	0	26.4
1991	Hail	0	0	0	24.15
1991	Hail	0	0	0	22.25
1991	Hail	0	0	0	16.9
1991	Hail	0	0	0	16.9
1991	Hail	0	0	0	16.9
1991	Hail	0	0	0	16.35
1991	Hail	0	0	0	15.55
1991	Hail	0	0	0	16.4
1991	Thunderstorm	30	11	0	24.15
1991	Thunderstorm	20	2	0	26.1
1991	Thunderstorm	20	0	0	26.7
1991	Thunderstorm	20	2	0	15
1991	Thunderstorm	10	0	0	14.45
1991	Thunderstorm	10	0	0	22.5
1991	Thunderstorm	10	0	0	20.55
1991	Thunderstorm	10	0	0	11.4
1991	Thunderstorm	10	0	0	13.85
1991	Thunderstorm	10	0	0	21.95
1992	Tornado	100	98	25000000	18.9
1992	Tornado	40	55	25000000	16.7
1992	Tornado	30	75	25000000	25.55
1992	Tornado	30	57	2500000	11.95
1992	Tornado	20	10	250000	20.55
1992	Tornado	20	0	250000	15
1992	Tornado	20	7	250000	18.05
1992	Tornado	10	7	2500000	13.65
1992	Tornado	10	35	25000000	23.35
1992	Tornado	10	31	2500000	16.7
1992	Hail	10	3	0	19.75
1992	Hail	0	0	0	23.9
1992	Hail	0	0	0	27.5
1992	Hail	0	0	0	24.2
1992	Hail	0	0	0	24.2
1992	Hail	0	0	0	23.85
1992	Hail	0	0	0	27.5
1992	Hail	0	0	0	24.75
1992	Hail	0	0	0	24.7
1992	Hail	0	0	0	20.8
1992	Thunderstorm	40	0	0	22.5
1992	Thunderstorm	20	0	0	6.7
1992	Thunderstorm	10	0	0	23.6
1992	Thunderstorm	10	1	0	24.45
1992	Thunderstorm	10	1	0	17.75
1992	Thunderstorm	10	0	0	25.85
1992	Thunderstorm	10	2	0	23.9
1992	Thunderstorm	10	0	0	26.95
1992	Thunderstorm	10	0	0	17.2
1992	Thunderstorm	10	0	0	21.1
1993	Tornado	250	0	1600000000	34.47
1993	Tornado	70	100	500000	18.9
1993	Tornado	40	246	50000000	25
1993	Tornado	30	10	50000000	34.47
1993	Tornado	30	39	50000000	18.9
1993	Tornado	30	27	50000000	15.85
1993	Tornado	20	0	500000	23.65
1993	Tornado	20	0	50000	21.1
1993	Tornado	10	35	5000000	34.47
1993	Tornado	10	6	5000000	34.47
1993	Hail	0	0	0	34.47
1993	Hail	0	0	0	34.47
1993	Hail	0	0	0	34.47
1993	Hail	0	0	0	34.47
1993	Hail	0	0	0	34.47
1993	Hail	0	0	0	34.47
1993	Hail	0	0	0	34.47
1993	Hail	0	0	0	34.47
1993	Hail	0	0	0	34.47
1993	Hail	0	0	0	34.47
1993	Thunderstorm	20	0	50000	34.47
1993	Thunderstorm	10	2	500000	34.47
1993	Thunderstorm	10	0	0	34.47
1993	Thunderstorm	10	11	50000	34.47
1993	Thunderstorm	10	0	0	34.47
1993	Thunderstorm	10	0	50000	34.47
1993	Thunderstorm	10	1	0	34.47
1993	Thunderstorm	10	1	500000	34.47
1993	Thunderstorm	10	0	0	34.47
1993	Thunderstorm	10	1	500000	34.47
1994	Tornado	220	150	500000	21.65
1994	Tornado	30	25	50000000	12.2
1994	Tornado	30	70	5000000	35.24
1994	Tornado	30	48	500000	21.7
1994	Tornado	30	25	50000000	35.24
1994	Tornado	20	0	2000000	18.9
1994	Tornado	20	15	5000000	23.35
1994	Tornado	10	0	50000	20
1994	Tornado	10	20	50000	35.24
1994	Tornado	10	20	50000	25
1994	Hail	0	0	0	35.24
1994	Hail	0	0	0	35.24
1994	Hail	0	0	5000	35.24
1994	Hail	0	0	0	35.24
1994	Hail	0	0	0	35.24
1994	Hail	0	0	5000	35.24
1994	Hail	0	0	0	35.24
1994	Hail	0	0	0	35.24
1994	Hail	0	0	0	35.24
1994	Hail	0	0	500000	35.24
1994	Thunderstorm	10	0	50000	35.24
1994	Thunderstorm	10	0	0	35.24
1994	Thunderstorm	10	0	5000	35.24
1994	Thunderstorm	10	0	0	35.24
1994	Thunderstorm	10	1	0	35.24
1994	Thunderstorm	10	0	5000000	35.24
1994	Thunderstorm	10	0	0	35.24
1994	Thunderstorm	10	0	500000	35.24
1994	Thunderstorm	10	0	0	35.24
1994	Thunderstorm	10	2	50000	35.24
1995	Tornado	60	130	5000000	15.55
1995	Tornado	30	5	3500000	12.2
1995	Tornado	4	250	0	25
1995	Tornado	3	24	0	37.93
1995	Tornado	3	6	500000	21.1
1995	Tornado	3	32	4600000	22.5
1995	Tornado	2	30	0	22.25
1995	Tornado	2	1	0	37.93
1995	Tornado	1	11	2000000	19.15
1995	Tornado	1	20	2800000	20
1995	Hail	2	0	0	37.93
1995	Hail	1	0	100000	37.93
1995	Hail	0	0	0	37.93
1995	Hail	0	0	0	37.93
1995	Hail	0	0	0	37.93
1995	Hail	0	0	0	37.93
1995	Hail	0	0	0	37.93
1995	Hail	0	0	0	37.93
1995	Hail	0	0	0	37.93
1995	Hail	0	0	0	37.93
1995	Thunderstorm	80	7	75000000	37.93
1995	Thunderstorm	30	4	23000	37.93
1995	Thunderstorm	20	0	200000	37.93
1995	Thunderstorm	10	0	95000	37.93
1995	Thunderstorm	10	0	0	37.93
1995	Thunderstorm	2	0	50000000	37.93
1995	Thunderstorm	2	0	20000	37.93
1995	Thunderstorm	1	0	1000	37.93
1995	Thunderstorm	1	0	100000	37.93
1995	Thunderstorm	1	0	0	37.93
1996	Tornado	50	5	2500000	16.65
1996	Tornado	40	40	8000000	14.45
1996	Tornado	20	9	2000000	13.85
1996	Tornado	20	30	5000000	16.65
1996	Tornado	20	6	1000000	17.5
1996	Tornado	20	17	1500000	22.2
1996	Tornado	20	40	150000000	18.9
1996	Tornado	10	0	50000	25.55
1996	Tornado	10	0	100000	21.4
1996	Tornado	10	1	450000	22.25
1996	Hail	0	0	1000	8.35
1996	Hail	0	0	1000	16.65
1996	Hail	0	0	15000	21.4
1996	Hail	0	0	5000	28.9
1996	Hail	0	0	5000	29.45
1996	Hail	0	0	5000	29.45
1996	Hail	0	0	50000	23.05
1996	Hail	0	0	800000	22.5
1996	Hail	0	0	5000	14.45
1996	Hail	0	0	10000	14.45
1996	Thunderstorm	20	0	100000	8.85
1996	Thunderstorm	20	0	50000	20.55
1996	Thunderstorm	10	0	300000	12.8
1996	Thunderstorm	10	2	50000	11.4
1996	Thunderstorm	10	1	5000	23.9
1996	Thunderstorm	10	2	50000	34.8
1996	Thunderstorm	10	4	80000	25.3
1996	Thunderstorm	10	0	30000	34.8
1996	Thunderstorm	10	3	100000	16.4
1996	Thunderstorm	10	0	50000	19.75
1996	Other	40	0	5000	34.8
1996	Other	20	0	10000	34.8
1996	Other	10	30	850000	34.8
1996	Other	10	2	50000	34.8
1996	Other	10	1	4000	34.8
1996	Other	0	0	0	34.8
1996	Other	0	0	30000	34.8
1996	Other	0	0	0	34.8
1996	Other	0	0	0	34.8
1996	Other	0	1	0	34.8
1996	Flood	70	0	400000000	34.8
1996	Flood	60	0	9300000	34.8
1996	Flood	40	5	5000000	34.8
1996	Flood	30	0	3160000	34.8
1996	Flood	20	0	410000	34.8
1996	Flood	20	0	20000000	34.8
1996	Flood	20	0	2000000	34.8
1996	Flood	20	0	1500000	34.8
1996	Flood	20	0	10000	34.8
1996	Flood	20	0	520000	34.8
1996	High Wind	30	0	10000000	34.8
1996	High Wind	20	3	500000	34.8
1996	High Wind	10	0	200000	34.8
1996	High Wind	10	0	25000	34.8
1996	High Wind	10	2	100000	34.8
1996	High Wind	10	0	2000000	34.8
1996	High Wind	10	10	200000	34.8
1996	High Wind	10	0	20000000	34.8
1996	High Wind	10	0	10	34.8
1996	High Wind	10	1	2000000	34.8
1996	Winter Storm	40	0	1000000	34.8
1996	Winter Storm	30	1	100000	34.8
1996	Winter Storm	20	1	0	34.8
1996	Winter Storm	20	0	0	34.8
1996	Winter Storm	20	0	0	34.8
1996	Winter Storm	20	12	45000	34.8
1996	Winter Storm	20	1	100000	34.8
1996	Winter Storm	20	0	75000	34.8
1996	Winter Storm	10	0	10000	34.8
1996	Winter Storm	10	1	8000	34.8
1996	Wildfire	0	3	250000	34.8
1996	Wildfire	0	0	50000	34.8
1996	Wildfire	0	0	10000000	34.8
1996	Wildfire	0	0	1500000	34.8
1996	Wildfire	0	16	1500000	34.8
1996	Wildfire	0	0	3000000	34.8
1996	Wildfire	0	0	1700000	34.8
1996	Wildfire	0	0	1700000	34.8
1996	Wildfire	0	3	4500000	34.8
1996	Wildfire	0	0	12300000	34.8
1996	Drought	0	0	100000	34.8
1996	Drought	0	0	100000	34.8
1996	Drought	0	0	100000	34.8
1996	Drought	0	0	100000	34.8
1996	Drought	0	0	100000	34.8
1996	Drought	0	0	100000	34.8
1996	Drought	0	0	100000	34.8
1996	Drought	0	0	100000	34.8
1996	Drought	0	0	100000	34.8
1996	Drought	0	0	100000	34.8
1996	Heat	40	0	0	34.8
1996	Heat	0	0	0	34.8
1996	Heat	0	0	0	34.8
1996	Heat	0	0	0	34.8
1996	Heat	0	0	0	34.8
1996	Heat	0	0	0	34.8
1996	Heat	0	0	0	34.8
1996	Heat	0	0	0	34.8
1996	Heat	0	0	0	34.8
1996	Heat	0	0	0	34.8
1996	Tropical Storm	0	0	1000000	34.8
1996	Tropical Storm	0	0	2300000	34.8
1996	Tropical Storm	0	0	500000	34.8
1996	Tropical Storm	0	0	2680000	34.8
1996	Tropical Storm	0	0	100000	34.8
1996	Tropical Storm	0	0	100000	34.8
1996	Tropical Storm	0	0	910000	34.8
1996	Tropical Storm	0	0	45000	34.8
1996	Tropical Storm	0	0	3930000	34.8
1996	Tropical Storm	0	0	3270000	34.8
1996	Hurricane	20	2	500000000	34.8
1996	Hurricane	20	0	180000000	34.8
1996	Hurricane	10	1	50000000	34.8
1996	Hurricane	10	0	50000	34.8
1996	Hurricane	10	1	500000	34.8
1996	Hurricane	10	0	1000000	34.8
1996	Hurricane	0	0	200000	34.8
1996	Hurricane	0	0	800000	34.8
1996	Hurricane	0	0	8000000	34.8
1996	Hurricane	0	0	50000	34.8
1997	Tornado	270	12	40000000	28.05
1997	Tornado	100	40	25000000	13.65
1997	Tornado	60	100	120000000	19.45
1997	Tornado	50	180	50000000	19.7
1997	Tornado	20	30	10000000	20.25
1997	Tornado	10	5	15000000	25.3
1997	Tornado	10	10	5000000	18.6
1997	Tornado	10	0	2000000	24.45
1997	Tornado	10	1	25000	4.45
1997	Tornado	10	1	1700000	18.9
1997	Hail	0	0	3000	27.25
1997	Hail	0	0	0	17.25
1997	Hail	0	0	50000	20.6
1997	Hail	0	0	0	18.05
1997	Hail	0	0	0	18.05
1997	Hail	0	0	0	10.55
1997	Hail	0	0	30000	23.05
1997	Hail	0	0	1000	20.8
1997	Hail	0	0	10	24.15
1997	Hail	0	0	30000	23.05
1997	Thunderstorm	50	8	10000000	25.6
1997	Thunderstorm	20	0	75000	25.85
1997	Thunderstorm	20	4	500000	16.4
1997	Thunderstorm	20	0	10000	14.45
1997	Thunderstorm	10	0	45000	17.2
1997	Thunderstorm	10	0	5000	24.45
1997	Thunderstorm	10	0	35000	28.6
1997	Thunderstorm	10	0	300000	25
1997	Thunderstorm	10	1	0	36.89
1997	Thunderstorm	10	1	80000	23.9
1997	Other	190	8	2000000	36.89
1997	Other	50	26	1500000	36.89
1997	Other	20	2	20000	36.89
1997	Other	20	0	0	36.89
1997	Other	10	3	15000	36.89
1997	Other	10	1	5000	36.89
1997	Other	10	2	20000	36.89
1997	Other	0	0	3000	36.89
1997	Other	0	0	0	36.89
1997	Other	0	0	0	36.89
1997	Flood	110	1	0	36.89
1997	Flood	50	0	35000000	36.89
1997	Flood	50	40	190000000	36.89
1997	Flood	30	0	8500000	36.89
1997	Flood	20	1	0	36.89
1997	Flood	20	0	0	36.89
1997	Flood	20	0	0	36.89
1997	Flood	20	7	2500000	36.89
1997	Flood	20	0	2000000	36.89
1997	Flood	20	0	600000	36.89
1997	High Wind	10	0	120000	36.89
1997	High Wind	10	0	1000	36.89
1997	High Wind	10	4	250000	36.89
1997	High Wind	10	1	500000	36.89
1997	High Wind	10	1	10000	36.89
1997	High Wind	10	0	0	36.89
1997	High Wind	10	0	25000	36.89
1997	High Wind	10	0	1000	36.89
1997	High Wind	0	0	6670	36.89
1997	High Wind	0	0	220	36.89
1997	Winter Storm	40	2	300000	36.89
1997	Winter Storm	40	0	20000	36.89
1997	Winter Storm	30	0	120000	36.89
1997	Winter Storm	20	1	40000	36.89
1997	Winter Storm	20	0	900000	36.89
1997	Winter Storm	10	10	7000000	36.89
1997	Winter Storm	10	2	70000	36.89
1997	Winter Storm	10	0	40000	36.89
1997	Winter Storm	10	1	1750000	36.89
1997	Winter Storm	10	1	15000	36.89
1997	Wildfire	10	0	20000	36.89
1997	Wildfire	0	1	400000	36.89
1997	Wildfire	0	0	940000	36.89
1997	Wildfire	0	0	800000	36.89
1997	Wildfire	0	0	400000	36.89
1997	Wildfire	0	0	15000000	36.89
1997	Wildfire	0	0	215000	36.89
1997	Wildfire	0	0	300000	36.89
1997	Wildfire	0	0	750000	36.89
1997	Wildfire	0	0	150000	36.89
1997	Drought	0	0	2000000	36.89
1997	Drought	0	0	6000000	36.89
1997	Drought	0	0	4000000	36.89
1997	Drought	0	0	1000000	36.89
1997	Drought	0	0	8000000	36.89
1997	Drought	0	0	3000000	36.89
1997	Heat	0	1	0	36.89
1997	Heat	0	0	500	36.89
1997	Heat	0	0	0	36.89
1997	Heat	0	0	0	36.89
1997	Heat	0	0	0	36.89
1997	Heat	0	0	0	36.89
1997	Heat	0	0	0	36.89
1997	Heat	0	0	0	36.89
1997	Heat	0	0	0	36.89
1997	Heat	0	0	0	36.89
1997	Hurricane	10	0	60500000	36.89
1997	Hurricane	0	0	3500000	36.89
1997	Hurricane	0	0	1500000	36.89
1997	Hurricane	0	0	200000	36.89
1997	Hurricane	0	0	200000	36.89
1997	Hurricane	0	0	4400000	36.89
1997	Hurricane	0	0	7000000	36.89
1997	Hurricane	0	0	75000	36.89
1997	Hurricane	0	0	1000000	36.89
1997	Hurricane	0	0	7000000	36.89
1998	Tornado	320	258	200000000	15.55
1998	Tornado	250	145	50000000	17.5
1998	Tornado	120	36	30000000	18.05
1998	Tornado	100	96	15000000	17.5
1998	Tornado	60	150	17000000	24.4
1998	Tornado	30	6	4000000	17.5
1998	Tornado	30	70	15000000	20.25
1998	Tornado	30	24	200000	19.75
1998	Tornado	20	0	800000	21.65
1998	Tornado	20	27	34000000	14.75
1998	Hail	0	0	0	14.2
1998	Hail	0	0	10000	22.2
1998	Hail	0	0	20000	17.5
1998	Hail	0	0	0	26.95
1998	Hail	0	0	0	24.45
1998	Hail	0	0	0	12.8
1998	Hail	0	0	1000	17.5
1998	Hail	0	0	4000	19.75
1998	Hail	0	0	0	18.6
1998	Hail	0	0	0	17.8
1998	Thunderstorm	30	7	90000000	18.9
1998	Thunderstorm	20	2	825000	27.8
1998	Thunderstorm	20	6	25000	23.9
1998	Thunderstorm	20	0	15000	17.8
1998	Thunderstorm	20	0	0	38.35
1998	Thunderstorm	20	45	1000000	29.15
1998	Thunderstorm	10	20	34630000	18.9
1998	Thunderstorm	10	0	500	22.8
1998	Thunderstorm	10	0	30000	38.35
1998	Thunderstorm	10	2	0	38.35
1998	Other	20	2	40000	38.35
1998	Other	20	0	80000	38.35
1998	Other	20	56	1100000	38.35
1998	Other	20	0	0	38.35
1998	Other	10	0	0	38.35
1998	Other	10	0	0	38.35
1998	Other	10	1	0	38.35
1998	Other	10	10	500000	38.35
1998	Other	0	0	0	38.35
1998	Other	0	0	25000	38.35
1998	Flood	110	600	8000000	38.35
1998	Flood	90	150	40000000	38.35
1998	Flood	90	0	20000000	38.35
1998	Flood	70	0	20000000	38.35
1998	Flood	60	500	20000000	38.35
1998	Flood	50	0	10000000	38.35
1998	Flood	40	0	105000000	38.35
1998	Flood	40	500	5000000	38.35
1998	Flood	40	0	600000	38.35
1998	Flood	20	0	5000000	38.35
1998	High Wind	20	0	15000	38.35
1998	High Wind	20	0	30000	38.35
1998	High Wind	10	0	100000	38.35
1998	High Wind	10	0	2000	38.35
1998	High Wind	10	0	600000	38.35
1998	High Wind	10	1	50000	38.35
1998	High Wind	10	0	600000	38.35
1998	High Wind	10	5	10000	38.35
1998	High Wind	10	0	150000	38.35
1998	High Wind	10	2	15000	38.35
1998	Winter Storm	40	0	25000	38.35
1998	Winter Storm	20	0	1000000	38.35
1998	Winter Storm	20	1	16000	38.35
1998	Winter Storm	20	0	5000000	38.35
1998	Winter Storm	10	1	12000	38.35
1998	Winter Storm	10	0	1000000	38.35
1998	Winter Storm	10	2	40000	38.35
1998	Winter Storm	10	1	30000	38.35
1998	Winter Storm	10	0	50000	38.35
1998	Winter Storm	10	0	28000000	38.35
1998	Wildfire	0	0	0	38.35
1998	Wildfire	0	0	200000	38.35
1998	Wildfire	0	0	50000	38.35
1998	Wildfire	0	0	2000	38.35
1998	Wildfire	0	0	50000	38.35
1998	Wildfire	0	1	60000	38.35
1998	Wildfire	0	0	50000	38.35
1998	Wildfire	0	0	80000	38.35
1998	Wildfire	0	0	70000	38.35
1998	Wildfire	0	0	20000	38.35
1998	Drought	0	0	0	38.35
1998	Drought	0	0	0	38.35
1998	Drought	0	0	0	38.35
1998	Drought	0	0	0	38.35
1998	Drought	0	0	0	38.35
1998	Drought	0	0	0	38.35
1998	Drought	0	0	0	38.35
1998	Drought	0	0	0	38.35
1998	Drought	0	0	0	38.35
1998	Drought	0	0	0	38.35
1998	Heat	10	0	0	38.35
1998	Heat	10	0	0	38.35
1998	Heat	10	0	0	38.35
1998	Heat	0	0	0	38.35
1998	Heat	0	0	0	38.35
1998	Heat	0	0	0	38.35
1998	Heat	0	0	0	38.35
1998	Heat	0	0	0	38.35
1998	Heat	0	0	0	38.35
1998	Heat	0	0	0	38.35
1998	Tropical Storm	20	0	200000000	38.35
1998	Tropical Storm	10	0	28700000	38.35
1998	Tropical Storm	0	0	30000	38.35
1998	Tropical Storm	0	0	10000	38.35
1998	Tropical Storm	0	0	25000	38.35
1998	Tropical Storm	0	0	0	38.35
1998	Tropical Storm	0	0	10000	38.35
1998	Tropical Storm	0	0	20000	38.35
1998	Tropical Storm	0	0	0	38.35
1998	Tropical Storm	0	0	10000	38.35
1998	Hurricane	20	0	3000000	38.35
1998	Hurricane	10	0	80000000	38.35
1998	Hurricane	10	0	2000000	38.35
1998	Hurricane	0	0	3400000	38.35
1998	Hurricane	0	0	10000	38.35
1998	Hurricane	0	0	243000000	38.35
1998	Hurricane	0	0	243000000	38.35
1998	Hurricane	0	0	243000000	38.35
1998	Hurricane	0	0	6400000	38.35
1998	Hurricane	0	0	10000	38.35
1999	Tornado	120	234	450000000	22.8
1999	Tornado	120	39	90000000	22.75
1999	Tornado	110	293	450000000	22.8
1999	Tornado	70	90	6680000	22.2
1999	Tornado	60	150	140000000	21.1
1999	Tornado	60	106	10000000	12.8
1999	Tornado	40	65	82000000	15.6
1999	Tornado	30	0	295000	21.95
1999	Tornado	20	3	600000	18.9
1999	Tornado	20	16	1900000	18.6
1999	Hail	0	0	15000	28.6
1999	Hail	0	0	0	21.7
1999	Hail	0	0	25000	18.35
1999	Hail	0	0	5000	20.85
1999	Hail	0	0	20000	18.9
1999	Hail	0	0	5000	27.75
1999	Hail	0	0	5000	27.8
1999	Hail	0	0	25000	20.6
1999	Hail	0	0	0	18.9
1999	Hail	0	0	10	21.15
1999	Thunderstorm	30	0	2000	26.1
1999	Thunderstorm	20	1	0	38.69
1999	Thunderstorm	20	0	1000000	26.95
1999	Thunderstorm	10	1	50000	23.3
1999	Thunderstorm	10	2	0	38.69
1999	Thunderstorm	10	0	0	38.69
1999	Thunderstorm	10	0	60000	25.85
1999	Thunderstorm	10	0	20000	30
1999	Thunderstorm	10	1	10000	24.15
1999	Thunderstorm	10	0	2000000	22.2
1999	Other	60	0	25000	38.69
1999	Other	20	0	0	38.69
1999	Other	20	2	1000000	38.69
1999	Other	10	0	24000	38.69
1999	Other	10	0	0	38.69
1999	Other	10	0	0	38.69
1999	Other	10	0	150000	38.69
1999	Other	10	0	50000	38.69
1999	Other	10	0	150000	38.69
1999	Other	10	2	3000	38.69
1999	Flood	30	8	12000000	38.69
1999	Flood	20	0	17500000	38.69
1999	Flood	20	1	8000000	38.69
1999	Flood	20	100	358000000	38.69
1999	Flood	10	1	30000000	38.69
1999	Flood	10	14	15000000	38.69
1999	Flood	10	0	6000000	38.69
1999	Flood	10	1	1500000	38.69
1999	Flood	10	0	1000	38.69
1999	Flood	10	0	250000	38.69
1999	High Wind	80	0	0	38.69
1999	High Wind	20	0	25000	38.69
1999	High Wind	10	0	10000	38.69
1999	High Wind	10	0	10000	38.69
1999	High Wind	10	0	100000	38.69
1999	High Wind	10	0	100000	38.69
1999	High Wind	10	1	25000	38.69
1999	High Wind	10	0	100000	38.69
1999	High Wind	10	0	30000	38.69
1999	High Wind	0	0	3000	38.69
1999	Winter Storm	20	3	50000	38.69
1999	Winter Storm	20	6	0	38.69
1999	Winter Storm	10	0	10000	38.69
1999	Winter Storm	10	0	20000	38.69
1999	Winter Storm	10	0	10000	38.69
1999	Winter Storm	10	0	330000	38.69
1999	Winter Storm	10	1	15000	38.69
1999	Winter Storm	10	0	10000	38.69
1999	Winter Storm	10	1	250000	38.69
1999	Winter Storm	10	0	0	38.69
1999	Wildfire	10	0	3000	38.69
1999	Wildfire	10	10	250000	38.69
1999	Wildfire	0	2	100000	38.69
1999	Wildfire	0	0	0	38.69
1999	Wildfire	0	0	0	38.69
1999	Wildfire	0	0	0	38.69
1999	Wildfire	0	0	10000000	38.69
1999	Wildfire	0	0	25000	38.69
1999	Wildfire	0	5	480000	38.69
1999	Wildfire	0	0	0	38.69
1999	Drought	0	0	0	38.69
1999	Drought	0	0	0	38.69
1999	Drought	0	0	0	38.69
1999	Drought	0	0	0	38.69
1999	Drought	0	0	0	38.69
1999	Drought	0	0	0	38.69
1999	Drought	0	0	0	38.69
1999	Drought	0	0	0	38.69
1999	Drought	0	0	0	38.69
1999	Drought	0	0	0	38.69
1999	Heat	30	0	0	38.69
1999	Heat	20	0	3300000	38.69
1999	Heat	20	0	0	38.69
1999	Heat	10	0	0	38.69
1999	Heat	10	0	0	38.69
1999	Heat	10	0	0	38.69
1999	Heat	10	0	0	38.69
1999	Heat	10	0	0	38.69
1999	Heat	10	0	0	38.69
1999	Heat	10	0	0	38.69
1999	Tropical Storm	10	0	50000	38.69
1999	Tropical Storm	0	0	100000	38.69
1999	Tropical Storm	0	0	0	38.69
1999	Tropical Storm	0	0	40000	38.69
1999	Tropical Storm	0	0	60000	38.69
1999	Tropical Storm	0	0	40000	38.69
1999	Tropical Storm	0	0	200000	38.69
1999	Tropical Storm	0	0	200000	38.69
1999	Tropical Storm	0	0	300000	38.69
1999	Tropical Storm	0	0	6300000	38.69
1999	Hurricane	50	0	200000000	38.69
1999	Hurricane	20	0	1500000	38.69
1999	Hurricane	10	0	3000000	38.69
1999	Hurricane	10	0	13100000	38.69
1999	Hurricane	10	0	150000000	38.69
1999	Hurricane	10	0	100000	38.69
1999	Hurricane	0	0	20000	38.69
1999	Hurricane	0	0	0	38.69
1999	Hurricane	0	0	13000000	38.69
1999	Hurricane	0	0	13000000	38.69
2000	Tornado	110	175	20000000	18.85
2000	Tornado	20	0	3000000	28.3
2000	Tornado	10	25	1750000	21.7
2000	Tornado	10	9	2500000	12.8
2000	Tornado	10	5	290000	22.75
2000	Tornado	10	0	500000	18.05
2000	Tornado	10	0	30000	19.15
2000	Tornado	10	100	15000000	19.45
2000	Tornado	10	15	20000000	21.1
2000	Tornado	10	6	300000	20.3
2000	Hail	10	0	75000	10.55
2000	Hail	0	0	750	17.5
2000	Hail	0	0	30000	14.45
2000	Hail	0	0	0	28.6
2000	Hail	0	0	0	29.4
2000	Hail	0	0	0	13.2
2000	Hail	0	0	15000	23.6
2000	Hail	0	0	50000	15.6
2000	Hail	0	0	15000	23.35
2000	Hail	0	0	40000	13.3
2000	Thunderstorm	20	0	3000	20.85
2000	Thunderstorm	20	4	0	39.8
2000	Thunderstorm	20	0	25000	39.8
2000	Thunderstorm	10	1	0	39.8
2000	Thunderstorm	10	0	0	39.8
2000	Thunderstorm	10	1	1200000	29.45
2000	Thunderstorm	10	4	50000	28.65
2000	Thunderstorm	10	0	900000	20
2000	Thunderstorm	10	1	20000	21.7
2000	Thunderstorm	10	0	2000	16.15
2000	Other	20	3	400000	39.8
2000	Other	20	0	15000	39.8
2000	Other	20	0	20000	39.8
2000	Other	20	0	0	39.8
2000	Other	20	1	100000	39.8
2000	Other	10	14	250000	39.8
2000	Other	10	4	300000	39.8
2000	Other	10	0	2000	39.8
2000	Other	10	0	0	39.8
2000	Other	10	1	500000	39.8
2000	Flood	30	0	500000	39.8
2000	Flood	30	0	1000000	39.8
2000	Flood	20	2	20000	39.8
2000	Flood	20	4	60000	39.8
2000	Flood	20	0	100000000	39.8
2000	Flood	20	0	4000000	39.8
2000	Flood	20	1	10000	39.8
2000	Flood	10	0	20000000	39.8
2000	Flood	10	0	6200000	39.8
2000	Flood	10	1	10000	39.8
2000	High Wind	20	0	50000	39.8
2000	High Wind	10	2	13900	39.8
2000	High Wind	10	0	2000	39.8
2000	High Wind	10	0	25000	39.8
2000	High Wind	10	0	2000	39.8
2000	High Wind	10	4	100000	39.8
2000	High Wind	10	0	50000	39.8
2000	High Wind	10	0	5000	39.8
2000	High Wind	10	1	6000	39.8
2000	High Wind	10	11	3000000	39.8
2000	Winter Storm	30	13	50000	39.8
2000	Winter Storm	20	0	6000	39.8
2000	Winter Storm	20	0	50000	39.8
2000	Winter Storm	10	1	27000000	39.8
2000	Winter Storm	10	3	15000	39.8
2000	Winter Storm	10	0	10000	39.8
2000	Winter Storm	10	0	6000	39.8
2000	Winter Storm	10	0	0	39.8
2000	Winter Storm	10	4	20000	39.8
2000	Winter Storm	10	2	50000	39.8
2000	Wildfire	10	1	5000	39.8
2000	Wildfire	0	0	100000	39.8
2000	Wildfire	0	0	750000	39.8
2000	Wildfire	0	0	0	39.8
2000	Wildfire	0	0	100000	39.8
2000	Wildfire	0	0	230000	39.8
2000	Wildfire	0	0	40000	39.8
2000	Wildfire	0	9	40000	39.8
2000	Wildfire	0	0	78200	39.8
2000	Wildfire	0	0	0	39.8
2000	Drought	0	0	0	39.8
2000	Drought	0	0	0	39.8
2000	Drought	0	0	0	39.8
2000	Drought	0	0	0	39.8
2000	Drought	0	0	0	39.8
2000	Drought	0	0	0	39.8
2000	Drought	0	0	0	39.8
2000	Drought	0	0	0	39.8
2000	Drought	0	0	0	39.8
2000	Drought	0	0	0	39.8
2000	Heat	50	0	0	39.8
2000	Heat	10	0	0	39.8
2000	Heat	10	0	0	39.8
2000	Heat	10	0	0	39.8
2000	Heat	10	0	0	39.8
2000	Heat	10	0	0	39.8
2000	Heat	10	0	0	39.8
2000	Heat	10	0	0	39.8
2000	Heat	10	0	0	39.8
2000	Heat	10	0	0	39.8
2000	Tropical Storm	0	0	10000	39.8
2000	Tropical Storm	0	0	50000	39.8
2000	Tropical Storm	0	0	500000	39.8
2000	Tropical Storm	0	0	100000	39.8
2000	Hurricane	0	0	50000	39.8
2000	Hurricane	0	0	25000	39.8
2000	Hurricane	0	0	41000	39.8
2000	Hurricane	0	0	41000	39.8
2000	Hurricane	0	0	25000	39.8
2000	Hurricane	0	0	41000	39.8
2000	Hurricane	0	0	41000	39.8
2000	Hurricane	0	0	41000	39.8
2000	Hurricane	0	0	41000	39.8
2000	Hurricane	0	0	50000	39.8
2001	Tornado	60	43	28000000	10
2001	Tornado	30	11	2000000	18.6
2001	Tornado	20	21	12000000	16.1
2001	Tornado	20	4	300000	13.65
2001	Tornado	20	55	100000000	22.2
2001	Tornado	20	16	5000000	13.3
2001	Tornado	20	16	10000000	17.5
2001	Tornado	20	1	1000000	11.7
2001	Tornado	20	3	400000	17.8
2001	Tornado	20	1	600000	15.25
2001	Hail	0	0	0	19.7
2001	Hail	0	0	0	25.8
2001	Hail	0	0	2000	19.4
2001	Hail	0	0	75000	26.1
2001	Hail	0	0	10000	26.1
2001	Hail	0	0	100000	26.1
2001	Hail	0	0	350000	26.1
2001	Hail	0	0	0	26.1
2001	Hail	0	0	50000	22.8
2001	Hail	0	0	50000	25.85
2001	Thunderstorm	20	3	100000	25.85
2001	Thunderstorm	20	0	1000	35.61
2001	Thunderstorm	20	0	50000	35.61
2001	Thunderstorm	10	1	20000	11.7
2001	Thunderstorm	10	0	11000000	24.1
2001	Thunderstorm	10	0	0	35.61
2001	Thunderstorm	10	4	400000	20.55
2001	Thunderstorm	10	4	0	35.61
2001	Thunderstorm	10	0	0	35.61
2001	Thunderstorm	10	0	10000000	11.95
2001	Other	20	0	0	35.61
2001	Other	20	0	0	35.61
2001	Other	10	1	6000	35.61
2001	Other	10	0	0	35.61
2001	Other	10	0	350000	35.61
2001	Other	10	0	0	35.61
2001	Other	10	0	500	35.61
2001	Other	10	1	18000	35.61
2001	Other	10	0	300000	35.61
2001	Other	10	2	6000	35.61
2001	Flood	30	0	3570000	35.61
2001	Flood	30	1	200000000	35.61
2001	Flood	30	0	25000	35.61
2001	Flood	20	0	50000000	35.61
2001	Flood	20	50	500000	35.61
2001	Flood	20	10	500000	35.61
2001	Flood	20	0	6000000	35.61
2001	Flood	20	0	0	35.61
2001	Flood	10	5	80000	35.61
2001	Flood	10	0	750000	35.61
2001	High Wind	10	1	20000	35.61
2001	High Wind	10	0	1000	35.61
2001	High Wind	10	0	75000	35.61
2001	High Wind	10	0	10000	35.61
2001	High Wind	10	0	1000000	35.61
2001	High Wind	10	1	14000	35.61
2001	High Wind	10	3	500000	35.61
2001	High Wind	0	0	0	35.61
2001	High Wind	0	0	25000	35.61
2001	High Wind	0	0	75000	35.61
2001	Winter Storm	20	1	20000	35.61
2001	Winter Storm	10	10	100000	35.61
2001	Winter Storm	10	0	75000	35.61
2001	Winter Storm	10	12	50000	35.61
2001	Winter Storm	0	0	0	35.61
2001	Winter Storm	0	0	10000000	35.61
2001	Winter Storm	0	0	0	35.61
2001	Winter Storm	0	0	0	35.61
2001	Winter Storm	0	0	10000	35.61
2001	Winter Storm	0	0	100000	35.61
2001	Wildfire	0	0	0	35.61
2001	Wildfire	0	0	400000	35.61
2001	Wildfire	0	0	150000	35.61
2001	Wildfire	0	0	25000	35.61
2001	Wildfire	0	0	27000	35.61
2001	Wildfire	0	2	150000	35.61
2001	Wildfire	0	0	350000	35.61
2001	Wildfire	0	0	400000	35.61
2001	Wildfire	0	0	0	35.61
2001	Wildfire	0	0	0	35.61
2001	Drought	0	0	0	35.61
2001	Drought	0	0	0	35.61
2001	Drought	0	0	0	35.61
2001	Drought	0	0	0	35.61
2001	Drought	0	0	0	35.61
2001	Drought	0	0	0	35.61
2001	Drought	0	0	0	35.61
2001	Drought	0	0	0	35.61
2001	Drought	0	0	0	35.61
2001	Drought	0	0	0	35.61
2001	Heat	10	0	0	35.61
2001	Heat	0	0	0	35.61
2001	Heat	0	0	0	35.61
2001	Heat	0	0	0	35.61
2001	Heat	0	0	0	35.61
2001	Heat	0	0	0	35.61
2001	Heat	0	0	0	35.61
2001	Heat	0	0	0	35.61
2001	Heat	0	0	0	35.61
2001	Heat	0	0	0	35.61
2001	Tropical Storm	220	0	5030000000	35.61
2001	Tropical Storm	0	0	31740000	35.61
2001	Tropical Storm	0	0	200000	35.61
2001	Tropical Storm	0	0	700000	35.61
2001	Tropical Storm	0	0	5000000	35.61
2001	Tropical Storm	0	0	50000	35.61
2001	Tropical Storm	0	0	3000000	35.61
2001	Tropical Storm	0	0	10000	35.61
2001	Tropical Storm	0	0	250000	35.61
2001	Tropical Storm	0	0	2000000	35.61
2001	Hurricane	10	0	500000	35.61
2001	Hurricane	0	0	50000	35.61
2001	Hurricane	0	0	50000	35.61
2001	Hurricane	0	0	10000	35.61
2001	Hurricane	0	0	10000	35.61
2001	Hurricane	0	0	30000	35.61
2002	Tornado	70	28	968000	13.9
2002	Tornado	70	40	2500000	16.95
2002	Tornado	40	18	500000	18.3
2002	Tornado	30	20	2500000	16.9
2002	Tornado	20	4	4000000	18.65
2002	Tornado	20	24	250000	15.85
2002	Tornado	20	3	100000	22.5
2002	Tornado	20	0	0	12.75
2002	Tornado	20	0	100000	20.55
2002	Tornado	20	17	30000000	15.85
2002	Hail	0	0	0	13.9
2002	Hail	0	0	0	26.95
2002	Hail	0	0	0	26.95
2002	Hail	0	0	0	27.2
2002	Hail	0	0	10000	28.9
2002	Hail	0	0	25000	27.2
2002	Hail	0	0	5000	27.2
2002	Hail	0	0	2000	26.4
2002	Hail	0	0	0	21.4
2002	Hail	0	0	0	21.95
2002	Thunderstorm	30	4	40000	36.8
2002	Thunderstorm	20	0	0	36.8
2002	Thunderstorm	20	0	0	36.8
2002	Thunderstorm	10	0	0	36.8
2002	Thunderstorm	10	0	3000	36.8
2002	Thunderstorm	10	2	0	36.8
2002	Thunderstorm	10	0	0	36.8
2002	Thunderstorm	10	2	30000	30.6
2002	Thunderstorm	10	0	0	36.8
2002	Thunderstorm	10	2	100000	14.45
2002	Other	30	3	500000	36.8
2002	Other	20	1	6000	36.8
2002	Other	20	0	0	36.8
2002	Other	10	0	0	36.8
2002	Other	10	0	0	36.8
2002	Other	10	15	750000	36.8
2002	Other	10	0	0	36.8
2002	Other	10	0	0	36.8
2002	Other	10	0	100000	36.8
2002	Other	10	0	0	36.8
2002	Flood	30	0	1000000	36.8
2002	Flood	30	2	60000	36.8
2002	Flood	20	0	25000000	36.8
2002	Flood	20	0	1000	36.8
2002	Flood	20	0	85000000	36.8
2002	Flood	10	0	10000	36.8
2002	Flood	10	0	30000	36.8
2002	Flood	10	0	800000	36.8
2002	Flood	10	0	20000	36.8
2002	Flood	10	0	500000	36.8
2002	High Wind	40	4	200000	36.8
2002	High Wind	10	0	250000	36.8
2002	High Wind	10	0	0	36.8
2002	High Wind	10	0	200000	36.8
2002	High Wind	10	0	100000	36.8
2002	High Wind	10	0	35000	36.8
2002	High Wind	10	6	250000	36.8
2002	High Wind	10	0	300000	36.8
2002	High Wind	0	0	5000	36.8
2002	High Wind	0	1	150000	36.8
2002	Winter Storm	20	0	150000	36.8
2002	Winter Storm	20	35	140000	36.8
2002	Winter Storm	20	1	250000	36.8
2002	Winter Storm	10	0	1100000	36.8
2002	Winter Storm	10	0	0	36.8
2002	Winter Storm	10	5	50000	36.8
2002	Winter Storm	0	0	0	36.8
2002	Winter Storm	0	0	0	36.8
2002	Winter Storm	0	0	0	36.8
2002	Winter Storm	0	0	0	36.8
2002	Wildfire	10	0	20000	36.8
2002	Wildfire	0	0	22000	36.8
2002	Wildfire	0	0	0	36.8
2002	Wildfire	0	0	0	36.8
2002	Wildfire	0	0	700000	36.8
2002	Wildfire	0	0	5000000	36.8
2002	Wildfire	0	0	50000	36.8
2002	Wildfire	0	2	6000000	36.8
2002	Wildfire	0	0	11000000	36.8
2002	Wildfire	0	0	100000	36.8
2002	Drought	0	0	0	36.8
2002	Drought	0	0	0	36.8
2002	Drought	0	0	0	36.8
2002	Drought	0	0	0	36.8
2002	Drought	0	0	0	36.8
2002	Drought	0	0	0	36.8
2002	Drought	0	0	0	36.8
2002	Drought	0	0	0	36.8
2002	Drought	0	0	0	36.8
2002	Drought	0	0	0	36.8
2002	Heat	0	0	0	36.8
2002	Heat	0	0	0	36.8
2002	Heat	0	0	0	36.8
2002	Heat	0	0	0	36.8
2002	Heat	0	0	0	36.8
2002	Heat	0	0	0	36.8
2002	Heat	0	0	0	36.8
2002	Heat	0	0	0	36.8
2002	Heat	0	0	0	36.8
2002	Heat	0	0	0	36.8
2002	Tropical Storm	10	0	6250000	36.8
2002	Tropical Storm	0	0	6390000	36.8
2002	Tropical Storm	0	0	40000	36.8
2002	Tropical Storm	0	0	1670000	36.8
2002	Tropical Storm	0	0	10000	36.8
2002	Tropical Storm	0	0	1670000	36.8
2002	Tropical Storm	0	0	4500000	36.8
2002	Tropical Storm	0	0	879000	36.8
2002	Tropical Storm	0	0	5800000	36.8
2002	Tropical Storm	0	0	4500000	36.8
2002	Hurricane	10	300	125000000	36.8
2002	Hurricane	10	0	50000000	36.8
2002	Hurricane	0	0	5540000	36.8
2002	Hurricane	0	0	71430	36.8
2002	Hurricane	0	0	71430	36.8
2002	Hurricane	0	0	5540000	36.8
2002	Hurricane	0	0	5540000	36.8
2002	Hurricane	0	0	5540000	36.8
2002	Hurricane	0	0	5540000	36.8
2002	Hurricane	0	0	5540000	36.8
2003	Tornado	110	66	30000000	20.6
2003	Tornado	50	33	27500000	17.2
2003	Tornado	40	27	5000000	18.35
2003	Tornado	30	20	7200000	19.45
2003	Tornado	30	19	2700000	17.5
2003	Tornado	30	37	40000000	16.65
2003	Tornado	20	15	21200000	22.2
2003	Tornado	20	0	750000	22.8
2003	Tornado	20	30	15500000	19.4
2003	Tornado	20	7	300000	6.65
2003	Hail	0	0	10000	24.45
2003	Hail	0	0	1750	20.85
2003	Hail	0	0	50000	25
2003	Hail	0	0	2000	15
2003	Hail	0	0	3000	17.2
2003	Hail	0	0	3000	16.1
2003	Hail	0	0	1000	25.6
2003	Hail	0	0	760	20
2003	Hail	0	0	500	20
2003	Hail	0	0	50	21.4
2003	Thunderstorm	30	0	35000	26.1
2003	Thunderstorm	30	1	30000	36.3
2003	Thunderstorm	20	0	5000	26.1
2003	Thunderstorm	20	3	0	36.3
2003	Thunderstorm	10	0	15000	26.1
2003	Thunderstorm	10	0	350000	8.9
2003	Thunderstorm	10	3	40000000	29.7
2003	Thunderstorm	10	4	0	36.3
2003	Thunderstorm	10	0	0	36.3
2003	Thunderstorm	10	0	5000	31.1
2003	Other	140	10	5000000	36.3
2003	Other	30	0	0	36.3
2003	Other	20	1	200000	36.3
2003	Other	20	7	100000	36.3
2003	Other	10	4	32000	36.3
2003	Other	10	0	2000000	36.3
2003	Other	10	0	0	36.3
2003	Other	10	6	75000	36.3
2003	Other	10	2	20000	36.3
2003	Other	10	0	0	36.3
2003	Flood	60	0	250000	36.3
2003	Flood	50	0	100000	36.3
2003	Flood	40	6	50000000	36.3
2003	Flood	30	0	100000000	36.3
2003	Flood	30	0	50000	36.3
2003	Flood	20	5	1000000	36.3
2003	Flood	20	0	3000000	36.3
2003	Flood	20	0	7000000	36.3
2003	Flood	20	1	50000	36.3
2003	Flood	20	0	500000	36.3
2003	High Wind	20	2	60000	36.3
2003	High Wind	20	2	25000	36.3
2003	High Wind	10	0	100000	36.3
2003	High Wind	10	0	400000	36.3
2003	High Wind	10	1	50000	36.3
2003	High Wind	10	2	15000	36.3
2003	High Wind	10	0	100000	36.3
2003	High Wind	10	0	2000000	36.3
2003	High Wind	10	0	0	36.3
2003	High Wind	10	0	10000	36.3
2003	Winter Storm	20	1	4000000	36.3
2003	Winter Storm	20	0	0	36.3
2003	Winter Storm	10	0	15000	36.3
2003	Winter Storm	10	0	2300000	36.3
2003	Winter Storm	10	0	0	36.3
2003	Winter Storm	10	0	2200000	36.3
2003	Winter Storm	10	0	50000	36.3
2003	Winter Storm	10	0	1400000	36.3
2003	Winter Storm	10	8	1000000	36.3
2003	Winter Storm	10	0	0	36.3
2003	Wildfire	140	90	1040000000	36.3
2003	Wildfire	40	5	696400000	36.3
2003	Wildfire	20	7	278600000	36.3
2003	Wildfire	20	18	55220000	36.3
2003	Wildfire	0	0	66000000	36.3
2003	Wildfire	0	3	1000000	36.3
2003	Wildfire	0	0	650000	36.3
2003	Wildfire	0	0	1280000	36.3
2003	Wildfire	0	0	80000	36.3
2003	Wildfire	0	0	10000	36.3
2003	Drought	0	0	12650000	36.3
2003	Drought	0	0	12650000	36.3
2003	Drought	0	0	12650000	36.3
2003	Drought	0	0	12650000	36.3
2003	Drought	0	0	12650000	36.3
2003	Drought	0	0	12650000	36.3
2003	Drought	0	0	12650000	36.3
2003	Drought	0	0	12650000	36.3
2003	Drought	0	0	12650000	36.3
2003	Drought	0	0	12650000	36.3
2003	Heat	0	0	0	36.3
2003	Tropical Storm	20	0	9000000	36.3
2003	Tropical Storm	10	0	700000	36.3
2003	Tropical Storm	10	0	155000000	36.3
2003	Tropical Storm	10	0	18000000	36.3
2003	Tropical Storm	0	0	2000000	36.3
2003	Tropical Storm	0	0	150000	36.3
2003	Tropical Storm	0	0	250000	36.3
2003	Tropical Storm	0	0	0	36.3
2003	Tropical Storm	0	0	500000	36.3
2003	Tropical Storm	0	0	100000	36.3
2003	Hurricane	10	0	6000000	36.3
2003	Hurricane	10	0	209000	36.3
2003	Hurricane	10	0	7600000	36.3
2003	Hurricane	0	0	8300000	36.3
2003	Hurricane	0	0	2500000	36.3
2003	Hurricane	0	0	99000	36.3
2003	Hurricane	0	0	4500000	36.3
2003	Hurricane	0	0	1500000	36.3
2003	Hurricane	0	0	700000	36.3
2003	Hurricane	0	0	900000	36.3
2004	Tornado	40	5	2500000	25.55
2004	Tornado	30	7	300000	21.7
2004	Tornado	30	6	300000	20.3
2004	Tornado	30	29	1300000	25.55
2004	Tornado	10	20	5000000	16.7
2004	Tornado	10	1	675000	18.05
2004	Tornado	10	7	5000000	27.25
2004	Tornado	10	0	500000	20.7
2004	Tornado	10	30	100000000	23.05
2004	Tornado	10	2	2500000	17.8
2004	Hail	0	0	2000	23.05
2004	Hail	0	0	1000	20.85
2004	Hail	0	0	50000	28.65
2004	Hail	0	0	0	28.05
2004	Hail	0	0	0	29.4
2004	Hail	0	0	0	29.4
2004	Hail	0	0	5000	15.85
2004	Hail	0	0	2000	23.3
2004	Hail	0	0	5000	15.85
2004	Hail	0	0	0	23.85
2004	Thunderstorm	30	6	50000	37.11
2004	Thunderstorm	10	0	10000	21.4
2004	Thunderstorm	10	0	20000	25
2004	Thunderstorm	10	0	10000	17.5
2004	Thunderstorm	10	0	10000	18.05
2004	Thunderstorm	10	2	0	37.11
2004	Thunderstorm	10	48	350000	21.95
2004	Thunderstorm	10	0	15000	21.7
2004	Thunderstorm	10	0	20000	22.5
2004	Thunderstorm	10	0	10000	26.7
2004	Other	40	9	1600000	37.11
2004	Other	30	0	0	37.11
2004	Other	10	0	0	37.11
2004	Other	10	0	0	37.11
2004	Other	10	0	0	37.11
2004	Other	10	0	0	37.11
2004	Other	10	8	50000	37.11
2004	Other	10	0	0	37.11
2004	Other	10	0	0	37.11
2004	Other	10	3	0	37.11
2004	Flood	30	0	20000000	37.11
2004	Flood	30	0	15000000	37.11
2004	Flood	20	0	2000000	37.11
2004	Flood	20	0	40000000	37.11
2004	Flood	20	0	10000	37.11
2004	Flood	20	0	5500000	37.11
2004	Flood	20	2	1500000	37.11
2004	Flood	20	0	20000000	37.11
2004	Flood	20	0	200000	37.11
2004	Flood	20	0	20000	37.11
2004	High Wind	30	0	881000000	37.11
2004	High Wind	10	0	10000	37.11
2004	High Wind	10	2	75000	37.11
2004	High Wind	10	1	8000	37.11
2004	High Wind	10	0	8000000	37.11
2004	High Wind	10	0	500000	37.11
2004	High Wind	10	0	373000000	37.11
2004	High Wind	10	0	1000	37.11
2004	High Wind	10	6	674000000	37.11
2004	High Wind	10	0	20000	37.11
2004	Winter Storm	60	12	1500000	37.11
2004	Winter Storm	10	1	100000	37.11
2004	Winter Storm	10	4	30000	37.11
2004	Winter Storm	10	0	0	37.11
2004	Winter Storm	10	0	20000	37.11
2004	Winter Storm	10	0	50000	37.11
2004	Winter Storm	0	0	5000	37.11
2004	Winter Storm	0	0	5000	37.11
2004	Winter Storm	0	0	500000	37.11
2004	Winter Storm	0	0	50000	37.11
2004	Wildfire	0	2	200	37.11
2004	Wildfire	0	0	1000	37.11
2004	Wildfire	0	7	0	37.11
2004	Wildfire	0	1	0	37.11
2004	Wildfire	0	0	0	37.11
2004	Wildfire	0	0	80000	37.11
2004	Wildfire	0	0	0	37.11
2004	Wildfire	0	0	0	37.11
2004	Wildfire	0	0	0	37.11
2004	Wildfire	0	0	180000	37.11
2004	Heat	10	0	0	37.11
2004	Heat	10	0	0	37.11
2004	Heat	10	0	0	37.11
2004	Tropical Storm	10	0	6400000	37.11
2004	Tropical Storm	10	0	900000	37.11
2004	Tropical Storm	0	0	12000	37.11
2004	Tropical Storm	0	0	1250000	37.11
2004	Tropical Storm	0	0	25000	37.11
2004	Tropical Storm	0	0	15000	37.11
2004	Tropical Storm	0	0	12000	37.11
2004	Tropical Storm	0	0	15000	37.11
2004	Tropical Storm	0	0	15000	37.11
2004	Tropical Storm	0	0	8000	37.11
2004	Hurricane	60	0	4000000000	37.11
2004	Hurricane	40	5	2500000	37.11
2004	Hurricane	40	700	3000000000	37.11
2004	Hurricane	20	0	52000000	37.11
2004	Hurricane	20	8	25000000	37.11
2004	Hurricane	10	0	93750	37.11
2004	Hurricane	10	50	382000000	37.11
2004	Hurricane	10	0	32400000	37.11
2004	Hurricane	10	30	2000000000	37.11
2004	Hurricane	0	0	100000	37.11
2005	Tornado	200	200	15000000	13.9
2005	Tornado	40	30	65000000	13.9
2005	Tornado	20	13	5000000	17.2
2005	Tornado	20	5	250000	18.6
2005	Tornado	20	13	3000000	21.1
2005	Tornado	10	0	4400000	25.3
2005	Tornado	10	0	250000	15.3
2005	Tornado	10	8	1500000	17.75
2005	Tornado	10	20	8000000	19.45
2005	Tornado	10	23	34310000	23.85
2005	Hail	0	0	0	19.75
2005	Hail	0	0	0	21.4
2005	Hail	0	0	10000	27.2
2005	Hail	0	0	3000	22.5
2005	Hail	0	0	1500	23.05
2005	Hail	0	0	5000	23.35
2005	Hail	0	0	0	26.7
2005	Hail	0	0	0	19.5
2005	Hail	0	0	0	25.6
2005	Hail	0	0	0	19
2005	Thunderstorm	20	4	0	21.4
2005	Thunderstorm	20	0	750000	37.88
2005	Thunderstorm	10	0	5000	21.7
2005	Thunderstorm	10	6	12500000	25.3
2005	Thunderstorm	10	0	0	37.88
2005	Thunderstorm	10	0	50000	27.8
2005	Thunderstorm	10	0	5000	27.2
2005	Thunderstorm	10	0	100000	37.88
2005	Thunderstorm	10	0	5000	14.15
2005	Thunderstorm	10	0	30000	25.8
2005	Other	10	0	300000	37.88
2005	Other	10	1	20000	37.88
2005	Other	10	0	0	37.88
2005	Other	10	0	0	37.88
2005	Other	10	0	0	37.88
2005	Other	10	0	0	37.88
2005	Other	10	0	0	37.88
2005	Other	10	3	1000000	37.88
2005	Other	10	1	0	37.88
2005	Other	10	0	0	37.88
2005	Flood	20	0	1200000	27.2
2005	Flood	20	0	100000	22.2
2005	Flood	20	0	10000000	15.25
2005	Flood	20	0	50000	29.75
2005	Flood	20	0	300000	30
2005	Flood	20	0	1000000	7.8
2005	Flood	20	0	3000000	17.75
2005	Flood	10	0	163000	37.88
2005	Flood	10	0	7000000	13.05
2005	Flood	10	0	10000	11.4
2005	High Wind	10	0	100000	37.88
2005	High Wind	10	0	50000	37.88
2005	High Wind	10	1	5000	37.88
2005	High Wind	10	4	25000	37.88
2005	High Wind	0	0	1000	37.88
2005	High Wind	0	0	1000	37.88
2005	High Wind	0	0	1000	37.88
2005	High Wind	0	0	1000	37.88
2005	High Wind	0	0	50000	37.88
2005	High Wind	0	0	50000	37.88
2005	Winter Storm	10	5	8000	37.88
2005	Winter Storm	10	1	21000	37.88
2005	Winter Storm	10	0	22000	37.88
2005	Winter Storm	10	8	39000	37.88
2005	Winter Storm	10	0	100000	37.88
2005	Winter Storm	10	0	25000	37.88
2005	Winter Storm	10	2	21000	37.88
2005	Winter Storm	0	0	60000	37.88
2005	Winter Storm	0	0	300000	37.88
2005	Winter Storm	0	0	30000	37.88
2005	Wildfire	20	16	11000000	37.88
2005	Wildfire	10	8	800000	37.88
2005	Wildfire	10	0	800000	37.88
2005	Wildfire	10	11	1500000	37.88
2005	Wildfire	0	0	1000	37.88
2005	Wildfire	0	2	500000	37.88
2005	Wildfire	0	0	300000	37.88
2005	Wildfire	0	0	150000	37.88
2005	Wildfire	0	0	868500	37.88
2005	Wildfire	0	6	4400000	37.88
2005	Drought	0	0	12000000	37.88
2005	Drought	0	0	18000	37.88
2005	Drought	0	0	18000	37.88
2005	Drought	0	0	18000	37.88
2005	Drought	0	0	18000	37.88
2005	Drought	0	0	18000	37.88
2005	Drought	0	0	18000	37.88
2005	Drought	0	0	18000	37.88
2005	Drought	0	0	18000	37.88
2005	Drought	0	0	18000	37.88
2005	Heat	10	0	0	37.88
2005	Heat	10	0	0	37.88
2005	Heat	0	0	3000000	37.88
2005	Tropical Storm	0	0	40000	37.88
2005	Tropical Storm	0	0	10000	37.88
2005	Tropical Storm	0	0	10000	37.88
2005	Tropical Storm	0	0	25000	37.88
2005	Tropical Storm	0	0	10000	37.88
2005	Tropical Storm	0	0	10000	37.88
2005	Tropical Storm	0	0	30000	37.88
2005	Tropical Storm	0	0	30000	37.88
2005	Tropical Storm	0	0	900000	37.88
2005	Tropical Storm	0	0	60000	37.88
2005	Hurricane	6380	0	3560000000	37.88
2005	Hurricane	1400	0	1780000000	37.88
2005	Hurricane	970	0	2940000000	37.88
2005	Hurricane	560	0	1470000000	37.88
2005	Hurricane	270	0	850000000	37.88
2005	Hurricane	130	0	1100000000	37.88
2005	Hurricane	100	0	750000000	37.88
2005	Hurricane	60	0	64000000	37.88
2005	Hurricane	40	0	17000000	37.88
2005	Hurricane	20	0	7000000	37.88
2006	Tornado	160	70	20000000	21.95
2006	Tornado	80	20	500000	19.45
2006	Tornado	70	121	69000000	19.7
2006	Tornado	60	42	25000000	20.25
2006	Tornado	40	26	5000000	11.15
2006	Tornado	20	130	60000000	21.4
2006	Tornado	20	0	500000	16.65
2006	Tornado	20	6	15000000	18.9
2006	Tornado	20	10	1000000	10.25
2006	Tornado	20	6	1000000	26.35
2006	Hail	0	0	0	6.4
2006	Hail	0	0	1000	15.8
2006	Hail	0	0	0	17.75
2006	Hail	0	0	10000	22.5
2006	Hail	0	0	1000	22.5
2006	Hail	0	0	8000	22.5
2006	Hail	0	0	0	14.45
2006	Hail	0	0	0	22.5
2006	Hail	0	0	0	23.9
2006	Hail	0	0	0	28.1
2006	Thunderstorm	10	0	8000	21.35
2006	Thunderstorm	10	5	20000	15.8
2006	Thunderstorm	10	1	400000	19.45
2006	Thunderstorm	10	0	1000	23.9
2006	Thunderstorm	10	1	1200000	24.2
2006	Thunderstorm	10	1	0	38.79
2006	Thunderstorm	10	1	10	38.79
2006	Thunderstorm	10	3	10000	29.45
2006	Thunderstorm	10	1	0	18.8
2006	Thunderstorm	10	0	0	38.79
2006	Other	40	0	0	38.79
2006	Other	20	0	0	38.79
2006	Other	20	0	0	38.79
2006	Other	10	0	0	38.79
2006	Other	10	0	10000	38.79
2006	Other	10	6	380000	38.79
2006	Other	10	0	0	38.79
2006	Other	10	0	0	38.79
2006	Other	10	8	0	38.79
2006	Other	10	0	0	38.79
2006	Flood	50	1	500000	38.79
2006	Flood	30	0	10000	21.65
2006	Flood	30	0	100000000	38.79
2006	Flood	20	0	10000	38.79
2006	Flood	20	0	12000	25.25
2006	Flood	20	0	8800000	10
2006	Flood	20	0	250000000	38.79
2006	Flood	20	0	16000000	38.79
2006	Flood	20	0	7000000	38.79
2006	Flood	10	0	1340000	38.79
2006	High Wind	22	2	11000000	38.79
2006	High Wind	20	0	1000000	38.79
2006	High Wind	20	0	0	17.45
2006	High Wind	20	0	10000	38.79
2006	High Wind	10	0	3000	38.79
2006	High Wind	10	0	500000	38.79
2006	High Wind	10	0	100000	38.79
2006	High Wind	10	0	8000	38.79
2006	High Wind	10	0	0	38.79
2006	High Wind	10	0	700000	38.79
2006	Winter Storm	70	5	0	38.79
2006	Winter Storm	10	0	130000000	38.79
2006	Winter Storm	10	0	5000	38.79
2006	Winter Storm	10	0	0	38.79
2006	Winter Storm	10	0	0	38.79
2006	Winter Storm	10	7	50000	38.79
2006	Winter Storm	5	50	68000	38.79
2006	Winter Storm	5	20	20000	38.79
2006	Winter Storm	3	0	0	38.79
2006	Winter Storm	2	0	0	38.79
2006	Wildfire	120	8	19900000	38.79
2006	Wildfire	50	0	10300000	38.79
2006	Wildfire	10	17	11700000	38.79
2006	Wildfire	10	7	15000000	38.79
2006	Wildfire	0	0	150000	38.79
2006	Wildfire	0	4	100000	38.79
2006	Wildfire	0	1	125000	38.79
2006	Wildfire	0	0	100000	38.79
2006	Wildfire	0	0	100000	38.79
2006	Wildfire	0	0	10000	38.79
2006	Drought	0	0	0	38.79
2006	Drought	0	0	0	38.79
2006	Drought	0	0	0	38.79
2006	Drought	0	0	0	38.79
2006	Drought	0	0	0	38.79
2006	Drought	0	0	0	38.79
2006	Drought	0	0	0	38.79
2006	Drought	0	0	0	38.79
2006	Drought	0	0	0	38.79
2006	Drought	0	0	0	38.79
2006	Heat	300	10	170000	38.79
2006	Heat	10	0	0	38.79
2006	Heat	10	0	0	38.79
2006	Heat	10	0	0	38.79
2006	Heat	0	0	0	38.79
2006	Heat	0	0	0	38.79
2006	Heat	0	0	10000	38.79
2006	Heat	0	0	0	38.79
2006	Heat	0	0	0	38.79
2006	Heat	0	0	0	38.79
2006	Tropical Storm	0	0	5000	38.79
2006	Tropical Storm	0	0	10000	38.79
2006	Tropical Storm	0	0	10000	38.79
2006	Tropical Storm	0	0	25000	38.79
2006	Tropical Storm	0	0	125000	38.79
2006	Tropical Storm	0	0	75000	38.79
2006	Tropical Storm	0	0	25000	38.79
2006	Tropical Storm	0	1	500000	38.79
2006	Tropical Storm	0	0	25000	38.79
2006	Tropical Storm	0	0	5000	38.79
2006	Tsunami	0	0	3000	38.79
2006	Tsunami	0	0	9200000	38.79
2006	Tsunami	0	0	0	38.79
2007	Tornado	110	63	250000000	22.75
2007	Tornado	20	0	50000	13.6
2007	Tornado	20	0	102000	15
2007	Tornado	20	15	1500000	9.45
2007	Tornado	20	0	15000000	20
2007	Tornado	13	9	46000000	20.8
2007	Tornado	10	18	50000000	15.8
2007	Tornado	10	0	0	18.35
2007	Tornado	10	0	2000000	17.5
2007	Tornado	10	1	1100000	14.2
2007	Hail	0	0	0	28.3
2007	Hail	0	0	0	16.1
2007	Hail	0	0	140000	24.15
2007	Hail	0	0	0	15.3
2007	Hail	0	0	0	17.8
2007	Hail	0	0	0	15.3
2007	Hail	0	0	0	19.45
2007	Hail	0	0	0	20.55
2007	Hail	0	0	0	14.2
2007	Hail	0	0	0	14.2
2007	Thunderstorm	10	0	0	28.3
2007	Thunderstorm	10	0	0	27.5
2007	Thunderstorm	10	0	0	28.6
2007	Thunderstorm	10	2	0	26.4
2007	Thunderstorm	10	1	0	29.45
2007	Thunderstorm	10	0	15000	25.55
2007	Thunderstorm	10	0	0	23.3
2007	Thunderstorm	10	0	0	28.05
2007	Thunderstorm	10	1	0	28.9
2007	Thunderstorm	10	0	0	25.3
2007	Other	30	0	0	37.14
2007	Other	20	0	0	37.14
2007	Other	10	0	0	37.14
2007	Other	10	0	0	37.14
2007	Other	10	0	0	37.14
2007	Other	10	0	0	37.14
2007	Other	10	2	0	37.14
2007	Other	10	1	0	28.05
2007	Other	10	0	0	37.14
2007	Other	10	2	0	37.14
2007	Flood	50	0	300000	18.05
2007	Flood	30	0	10000	23.4
2007	Flood	30	0	750000	26.65
2007	Flood	20	0	0	27.7
2007	Flood	10	2	3000000	15.55
2007	Flood	10	0	0	-0.55
2007	Flood	10	0	0	10.6
2007	Flood	10	0	10000	23.35
2007	Flood	10	0	0	16.3
2007	Flood	10	0	0	22.75
2007	High Wind	10	0	0	24.75
2007	High Wind	10	7	0	19.7
2007	High Wind	10	1	750000	37.14
2007	High Wind	10	0	0	9.15
2007	High Wind	2	60	0	37.14
2007	High Wind	2	0	0	37.14
2007	High Wind	2	0	100000	37.14
2007	High Wind	1	0	0	37.14
2007	High Wind	1	0	10140000	37.14
2007	High Wind	1	0	0	37.14
2007	Winter Storm	10	0	0	37.14
2007	Winter Storm	10	0	0	37.14
2007	Winter Storm	10	0	0	37.14
2007	Winter Storm	10	2	0	37.14
2007	Winter Storm	7	0	150000000	37.14
2007	Winter Storm	7	0	5000	37.14
2007	Winter Storm	4	14	0	37.14
2007	Winter Storm	4	0	0	37.14
2007	Winter Storm	3	0	0	37.14
2007	Winter Storm	3	0	0	37.14
2007	Wildfire	30	0	200000	37.14
2007	Wildfire	8	61	75000000	37.14
2007	Wildfire	3	0	500000	37.14
2007	Wildfire	2	40	300000000	37.14
2007	Wildfire	0	0	0	37.14
2007	Wildfire	0	0	0	37.14
2007	Wildfire	0	2	500000	37.14
2007	Wildfire	0	0	0	37.14
2007	Wildfire	0	0	21700000	37.14
2007	Wildfire	0	0	0	37.14
2007	Drought	0	0	0	37.14
2007	Drought	0	0	0	37.14
2007	Drought	0	0	0	37.14
2007	Drought	0	0	0	37.14
2007	Drought	0	0	0	37.14
2007	Drought	0	0	0	37.14
2007	Drought	0	0	0	37.14
2007	Drought	0	0	0	37.14
2007	Drought	0	0	0	37.14
2007	Drought	0	0	0	37.14
2007	Heat	140	187	0	37.14
2007	Heat	100	0	0	37.14
2007	Heat	60	422	0	37.14
2007	Heat	40	2	0	37.14
2007	Heat	40	0	0	37.14
2007	Heat	30	0	0	37.14
2007	Heat	20	6	0	37.14
2007	Heat	20	2	0	37.14
2007	Heat	20	200	0	37.14
2007	Heat	20	519	0	37.14
2007	Tropical Storm	0	0	10000	37.14
2007	Tropical Storm	0	0	5000	37.14
2007	Tropical Storm	0	0	75000	37.14
2007	Tropical Storm	0	0	75000	37.14
2007	Tropical Storm	0	0	50000	37.14
2007	Tropical Storm	0	0	10000	37.14
2007	Tropical Storm	0	0	50000	37.14
2007	Tropical Storm	0	0	50000	37.14
2007	Tropical Storm	0	0	0	37.14
2007	Tropical Storm	0	0	0	37.14
2007	Hurricane	10	0	10000000	37.14
2007	Hurricane	0	0	0	37.14
2007	Hurricane	0	0	0	37.14
2007	Hurricane	0	0	0	37.14
2007	Hurricane	0	0	0	37.14
2007	Hurricane	0	0	0	37.14
2007	Hurricane	0	0	0	37.14
2007	Hurricane	0	0	0	37.14
2007	Hurricane	0	0	0	37.14
2007	Hurricane	0	0	0	37.14
2008	Tornado	50	15	11500000	15.25
2008	Tornado	14	200	35000000	17.8
2008	Tornado	14	44	14100000	19
2008	Tornado	10	7	29000000	20
2008	Tornado	10	78	147000000	21.95
2008	Tornado	10	2	840000	20.25
2008	Tornado	9	50	75000000	14.15
2008	Tornado	8	14	10000000	15.3
2008	Tornado	6	150	15000000	17.75
2008	Tornado	4	48	0	23.85
2008	Hail	1	0	0	9.6
2008	Hail	1	2	5000	10.3
2008	Hail	0	0	0	11.35
2008	Hail	0	0	0	20.35
2008	Hail	0	0	0	13.9
2008	Hail	0	0	0	25.85
2008	Hail	0	0	0	24.2
2008	Hail	0	0	0	25
2008	Hail	0	0	0	25
2008	Hail	0	0	0	25.85
2008	Thunderstorm	30	2	10000	24.45
2008	Thunderstorm	20	0	0	22.2
2008	Thunderstorm	20	4	0	25
2008	Thunderstorm	10	0	0	25.6
2008	Thunderstorm	10	0	30000	25.8
2008	Thunderstorm	10	0	0	10.2
2008	Thunderstorm	10	0	0	12.2
2008	Thunderstorm	10	2	0	23.3
2008	Thunderstorm	10	0	0	24.1
2008	Thunderstorm	10	1	0	26.8
2008	Other	30	0	0	35.61
2008	Other	20	0	0	35.61
2008	Other	20	0	0	35.61
2008	Other	20	1	0	35.61
2008	Other	20	0	0	35.61
2008	Other	20	0	0	35.61
2008	Other	20	0	0	35.61
2008	Other	12	0	4000000000	35.61
2008	Other	10	0	500000000	35.61
2008	Other	10	1	0	35.61
2008	Flood	20	0	2000000	25
2008	Flood	20	2	0	17.75
2008	Flood	20	1	125000	14.7
2008	Flood	20	0	2000000	23.6
2008	Flood	20	0	0	28.9
2008	Flood	11	0	0	28.35
2008	Flood	10	0	0	29.2
2008	Flood	10	0	35000000	22.8
2008	Flood	10	0	25000000	11.1
2008	Flood	10	0	5000	24.15
2008	High Wind	20	0	5000000	35.61
2008	High Wind	10	0	1000000	35.61
2008	High Wind	10	0	3000000	35.61
2008	High Wind	10	0	0	28.85
2008	High Wind	10	0	684000	35.61
2008	High Wind	10	0	3300000	35.61
2008	High Wind	10	0	96600000	35.61
2008	High Wind	10	1	15000000	35.61
2008	High Wind	10	1	0	35.61
2008	High Wind	10	0	16500000	35.61
2008	Winter Storm	50	0	0	35.61
2008	Winter Storm	30	0	0	35.61
2008	Winter Storm	20	0	10000	35.61
2008	Winter Storm	10	0	0	35.61
2008	Winter Storm	10	0	0	35.61
2008	Winter Storm	10	0	0	35.61
2008	Winter Storm	10	0	0	35.61
2008	Winter Storm	10	0	0	35.61
2008	Winter Storm	10	2	0	35.61
2008	Winter Storm	10	0	0	35.61
2008	Wildfire	10	0	5000000	35.61
2008	Wildfire	2	0	5000000	35.61
2008	Wildfire	1	0	0	35.61
2008	Wildfire	1	0	10500	35.61
2008	Wildfire	1	29	0	35.61
2008	Wildfire	0	0	100000	35.61
2008	Wildfire	0	0	0	35.61
2008	Wildfire	0	2	100000	35.61
2008	Wildfire	0	0	0	35.61
2008	Wildfire	0	0	1000	35.61
2008	Drought	0	0	0	35.61
2008	Drought	0	0	0	35.61
2008	Drought	0	0	0	35.61
2008	Drought	0	0	0	35.61
2008	Drought	0	0	0	35.61
2008	Drought	0	0	0	35.61
2008	Drought	0	0	0	35.61
2008	Drought	0	0	0	35.61
2008	Drought	0	0	0	35.61
2008	Drought	0	0	0	35.61
2008	Heat	60	0	0	35.61
2008	Heat	40	0	0	35.61
2008	Heat	20	0	0	35.61
2008	Heat	20	0	0	35.61
2008	Heat	20	0	0	35.61
2008	Heat	20	0	0	35.61
2008	Heat	18	1	0	35.61
2008	Heat	10	0	0	35.61
2008	Heat	10	0	0	35.61
2008	Heat	10	0	0	35.61
2008	Tropical Storm	10	0	60000	35.61
2008	Tropical Storm	10	0	3000000	35.61
2008	Tropical Storm	10	3	1000000	35.61
2008	Tropical Storm	2	0	1500000	35.61
2008	Tropical Storm	1	30	1500000	35.61
2008	Tropical Storm	1	0	8500000	35.61
2008	Tropical Storm	1	0	0	35.61
2008	Tropical Storm	1	0	1500000	35.61
2008	Tropical Storm	1	0	15000	35.61
2008	Tropical Storm	0	0	0	35.61
2008	Hurricane	20	0	37700000	35.61
2008	Hurricane	10	0	20000000	35.61
2008	Hurricane	10	0	8400000	35.61
2008	Hurricane	10	0	100000000	35.61
2008	Hurricane	9	24000	2000000000	35.61
2008	Hurricane	8	0	1000000000	35.61
2008	Hurricane	3	80	400000000	35.61
2008	Hurricane	2	0	500000000	35.61
2008	Hurricane	1	0	700000000	35.61
2008	Hurricane	1	0	50000000	35.61
2009	Tornado	80	46	3000000	14.7
2009	Tornado	10	2	225000	26.65
2009	Tornado	3	30	130000000	15
2009	Tornado	2	6	5000000	19.45
2009	Tornado	2	58	100000000	13.9
2009	Tornado	1	0	250000	26.15
2009	Tornado	1	0	25000	20.95
2009	Tornado	1	0	25000	16.1
2009	Tornado	1	2	2000000	21.9
2009	Tornado	1	3	500000	7.5
2009	Hail	0	0	0	14.2
2009	Hail	0	0	0	20
2009	Hail	0	0	0	25
2009	Hail	0	0	0	28.05
2009	Hail	0	0	0	28.1
2009	Hail	0	0	0	28.1
2009	Hail	0	0	0	28.1
2009	Hail	0	0	0	28.05
2009	Hail	0	0	0	28.1
2009	Hail	0	0	0	28.1
2009	Thunderstorm	10	3	0	16.1
2009	Thunderstorm	10	0	41000	16.1
2009	Thunderstorm	10	0	0	20.85
2009	Thunderstorm	10	0	1240000	25.8
2009	Thunderstorm	10	2	0	26.15
2009	Thunderstorm	10	6	0	23.85
2009	Thunderstorm	10	26	0	28.85
2009	Thunderstorm	10	0	0	27.25
2009	Thunderstorm	10	1	0	18.05
2009	Thunderstorm	10	0	0	20.55
2009	Other	20	0	0	18.3
2009	Other	10	1	10000	23.35
2009	Other	10	0	0	36.9
2009	Other	10	0	0	36.9
2009	Other	10	0	0	36.9
2009	Other	10	0	0	36.9
2009	Other	10	1	0	36.9
2009	Other	10	0	0	36.9
2009	Other	10	0	0	36.9
2009	Other	10	0	0	36.9
2009	Flood	10	0	0	18.45
2009	Flood	10	0	10000	22.5
2009	Flood	10	0	0	10.85
2009	Flood	10	0	1000	22.75
2009	Flood	10	0	0	19.2
2009	Flood	10	1	45000000	23.05
2009	Flood	10	0	5000	15.55
2009	Flood	10	0	0	21.4
2009	Flood	10	0	15000	15.1
2009	Flood	10	0	20000	28.6
2009	High Wind	20	0	0	36.9
2009	High Wind	10	0	1000	36.9
2009	High Wind	10	0	35000	36.9
2009	High Wind	10	0	15000	36.9
2009	High Wind	10	0	0	36.9
2009	High Wind	2	60	250000	36.9
2009	High Wind	2	0	0	36.9
2009	High Wind	1	0	0	36.9
2009	High Wind	1	0	75000	36.9
2009	High Wind	1	0	5000	36.9
2009	Winter Storm	10	0	0	36.9
2009	Winter Storm	10	0	0	36.9
2009	Winter Storm	10	0	0	36.9
2009	Winter Storm	10	0	0	36.9
2009	Winter Storm	4	0	11200000	36.9
2009	Winter Storm	3	0	0	36.9
2009	Winter Storm	3	0	100000	36.9
2009	Winter Storm	3	0	0	36.9
2009	Winter Storm	3	0	0	36.9
2009	Winter Storm	2	0	0	36.9
2009	Wildfire	2	0	0	36.9
2009	Wildfire	2	1	5000000	36.9
2009	Wildfire	0	0	0	36.9
2009	Wildfire	0	0	0	36.9
2009	Wildfire	0	0	10000	36.9
2009	Wildfire	0	0	400	36.9
2009	Wildfire	0	0	25000	36.9
2009	Wildfire	0	0	0	36.9
2009	Wildfire	0	0	150	36.9
2009	Wildfire	0	0	500	36.9
2009	Drought	0	0	0	36.9
2009	Drought	0	0	0	36.9
2009	Drought	0	0	0	36.9
2009	Drought	0	0	0	36.9
2009	Drought	0	0	0	36.9
2009	Drought	0	0	0	36.9
2009	Drought	0	0	0	36.9
2009	Drought	0	0	0	36.9
2009	Drought	0	0	0	36.9
2009	Drought	0	0	0	36.9
2009	Heat	70	0	0	36.9
2009	Heat	20	0	0	36.9
2009	Heat	10	0	0	36.9
2009	Heat	10	0	0	36.9
2009	Heat	10	0	0	36.9
2009	Heat	10	0	0	36.9
2009	Heat	10	0	0	36.9
2009	Heat	10	0	0	36.9
2009	Heat	10	0	0	36.9
2009	Heat	10	0	0	36.9
2009	Tropical Storm	10	0	0	36.9
2009	Tropical Storm	1	0	0	36.9
2009	Tropical Storm	0	0	0	36.9
2009	Tropical Storm	0	0	0	36.9
2009	Tropical Storm	0	0	0	36.9
2009	Tropical Storm	0	0	0	36.9
2009	Tropical Storm	0	0	0	36.9
2009	Tropical Storm	0	0	0	36.9
2009	Tropical Storm	0	0	0	36.9
2009	Tropical Storm	0	0	0	36.9
2009	Hurricane	0	1	20000	36.9
2009	Tsunami	32	148	81000000	36.9
2010	Tornado	20	1	300000	24.95
2010	Tornado	10	13	3000000	21.65
2010	Tornado	10	1	500000	22.1
2010	Tornado	10	10	1000000	20.25
2010	Tornado	10	14	0	22.2
2010	Tornado	5	35	90000000	19.7
2010	Tornado	4	7	1500000	10.3
2010	Tornado	4	53	140000000	23.35
2010	Tornado	2	7	1000000	22.8
2010	Tornado	2	0	450000	9.35
2010	Hail	0	0	0	10.85
2010	Hail	0	0	0	24.7
2010	Hail	0	0	0	26.1
2010	Hail	0	0	0	20.25
2010	Hail	0	0	0	23.6
2010	Hail	0	0	0	26.7
2010	Hail	0	0	0	26.7
2010	Hail	0	0	0	23.05
2010	Hail	0	0	0	22.8
2010	Hail	0	0	0	22.5
2010	Thunderstorm	20	0	15000	20.55
2010	Thunderstorm	20	4	110000	26.1
2010	Thunderstorm	10	2	0	21.2
2010	Thunderstorm	10	4	0	31.4
2010	Thunderstorm	10	2	0	25.85
2010	Thunderstorm	10	1	200000	28.35
2010	Thunderstorm	10	2	0	25.85
2010	Thunderstorm	10	0	0	24.7
2010	Thunderstorm	10	0	0	18.3
2010	Thunderstorm	10	1	0	29.4
2010	Other	40	0	20000	35.35
2010	Other	20	0	0	35.35
2010	Other	20	5	0	35.35
2010	Other	20	0	0	35.35
2010	Other	20	0	0	35.35
2010	Other	10	0	0	35.35
2010	Other	10	0	0	35.35
2010	Other	10	1	0	35.35
2010	Other	10	0	0	35.35
2010	Other	10	0	0	35.35
2010	Flood	200	24	9000000	21.7
2010	Flood	100	0	1500000000	20
2010	Flood	10	0	50000	22.5
2010	Flood	10	0	0	26.1
2010	Flood	10	0	0	14.7
2010	Flood	10	0	3000000	26.95
2010	Flood	10	0	0	9.45
2010	Flood	10	0	0	22.2
2010	Flood	10	0	0	10
2010	Flood	10	0	0	24.2
2010	High Wind	10	2	10000	35.35
2010	High Wind	10	0	12000	35.35
2010	High Wind	10	0	5000	35.35
2010	High Wind	10	0	20000	35.35
2010	High Wind	10	0	0	35.35
2010	High Wind	10	0	0	35.35
2010	High Wind	3	1	0	35.35
2010	High Wind	2	0	1000000	35.35
2010	High Wind	2	0	0	35.35
2010	High Wind	1	0	10000	35.35
2010	Winter Storm	10	0	0	35.35
2010	Winter Storm	10	0	0	35.35
2010	Winter Storm	10	0	0	35.35
2010	Winter Storm	10	0	0	35.35
2010	Winter Storm	10	0	0	35.35
2010	Winter Storm	10	0	0	35.35
2010	Winter Storm	10	101	0	35.35
2010	Winter Storm	10	0	0	35.35
2010	Winter Storm	10	0	0	35.35
2010	Winter Storm	10	0	0	35.35
2010	Wildfire	1	2	0	35.35
2010	Wildfire	1	0	0	35.35
2010	Wildfire	0	0	0	35.35
2010	Wildfire	0	0	0	35.35
2010	Wildfire	0	0	1000	35.35
2010	Wildfire	0	0	0	35.35
2010	Wildfire	0	0	0	35.35
2010	Wildfire	0	0	0	35.35
2010	Wildfire	0	0	0	35.35
2010	Wildfire	0	0	75000	35.35
2010	Drought	0	0	0	35.35
2010	Drought	0	0	0	35.35
2010	Drought	0	0	0	35.35
2010	Drought	0	0	0	35.35
2010	Drought	0	0	0	35.35
2010	Drought	0	0	0	35.35
2010	Drought	0	0	0	35.35
2010	Drought	0	0	0	35.35
2010	Drought	0	0	0	35.35
2010	Drought	0	0	0	35.35
2010	Heat	70	1	0	35.35
2010	Heat	60	0	0	35.35
2010	Heat	60	0	0	35.35
2010	Heat	60	0	0	35.35
2010	Heat	50	0	0	35.35
2010	Heat	40	0	0	35.35
2010	Heat	30	0	0	35.35
2010	Heat	30	0	0	35.35
2010	Heat	20	0	0	35.35
2010	Heat	20	0	0	35.35
2010	Tropical Storm	0	0	0	35.35
2010	Tropical Storm	0	0	0	35.35
2010	Tropical Storm	0	0	0	35.35
2010	Tropical Storm	0	0	0	35.35
2010	Tropical Storm	0	0	0	35.35
2010	Tropical Storm	0	0	2000000	35.35
2010	Tropical Storm	0	0	2000000	35.35
2010	Tropical Storm	0	0	50000	35.35
2010	Tropical Storm	0	0	0	35.35
2010	Tropical Storm	0	0	0	35.35
2010	Tsunami	0	0	0	35.35
2010	Tsunami	0	0	0	35.35
2010	Tsunami	0	0	0	35.35
2010	Tsunami	0	0	0	35.35
2010	Tsunami	0	0	0	35.35
2010	Tsunami	0	0	80000	35.35
2010	Tsunami	0	0	75000	35.35
2010	Tsunami	0	0	150000	35.35
2011	Tornado	448	800	1500000000	22.8
2011	Tornado	200	700	700000000	22.5
2011	Tornado	180	100	160000000	22.5
2011	Tornado	161	1150	2800000000	22.8
2011	Tornado	140	0	40000000	18.1
2011	Tornado	70	100	11200000	22.5
2011	Tornado	50	48	0	23.35
2011	Tornado	40	67	115000000	14.45
2011	Tornado	30	4	1240000	18.05
2011	Tornado	30	3	2000000	16.95
2011	Hail	1	2	0	6.7
2011	Hail	1	2	12000	5.25
2011	Hail	0	0	0	27.2
2011	Hail	0	0	0	22.5
2011	Hail	0	0	0	19.75
2011	Hail	0	0	0	19.75
2011	Hail	0	0	0	19.75
2011	Hail	0	0	0	24.2
2011	Hail	0	0	0	24.2
2011	Hail	0	0	0	22.25
2011	Thunderstorm	70	43	975000	23.65
2011	Thunderstorm	20	1	0	23.3
2011	Thunderstorm	10	0	125000	28.3
2011	Thunderstorm	10	0	45000	19.7
2011	Thunderstorm	10	0	0	19.75
2011	Thunderstorm	10	0	0	20.4
2011	Thunderstorm	10	0	0	25.55
2011	Thunderstorm	10	0	4000	26.65
2011	Thunderstorm	10	0	15000	20
2011	Thunderstorm	10	0	30000	22.25
2011	Other	10	0	0	35.27
2011	Other	10	0	0	35.27
2011	Other	10	0	0	35.27
2011	Other	10	0	0	35.27
2011	Other	10	0	0	35.27
2011	Other	10	0	0	35.27
2011	Other	10	0	0	26.95
2011	Other	10	0	0	35.27
2011	Other	10	0	0	35.27
2011	Other	10	0	0	35.27
2011	Flood	40	0	0	18.05
2011	Flood	40	1	500000	23.9
2011	Flood	20	0	0	25.55
2011	Flood	10	0	0	20
2011	Flood	10	0	0	20.85
2011	Flood	10	0	100000	16.9
2011	Flood	10	0	30000	13.85
2011	Flood	10	0	0	21.65
2011	Flood	10	0	0	21.4
2011	Flood	10	0	0	19.15
2011	High Wind	10	2	0	35.27
2011	High Wind	10	0	350000	35.27
2011	High Wind	10	0	150000	35.27
2011	High Wind	10	1	25000	35.27
2011	High Wind	3	0	15000	35.27
2011	High Wind	1	0	2000	35.27
2011	High Wind	1	0	0	35.27
2011	High Wind	1	0	0	35.27
2011	High Wind	1	0	0	35.27
2011	High Wind	1	0	10000	35.27
2011	Winter Storm	10	0	0	35.27
2011	Winter Storm	5	0	200000	35.27
2011	Winter Storm	4	2	0	35.27
2011	Winter Storm	4	0	75000	35.27
2011	Winter Storm	4	2	0	35.27
2011	Winter Storm	3	0	0	35.27
2011	Winter Storm	3	2	10000	35.27
2011	Winter Storm	3	5	0	35.27
2011	Winter Storm	2	0	0	35.27
2011	Winter Storm	2	0	0	35.27
2011	Wildfire	10	2	100000	35.27
2011	Wildfire	2	2	2250000	35.27
2011	Wildfire	2	0	250000000	35.27
2011	Wildfire	1	0	150000	35.27
2011	Wildfire	1	17	8000000	35.27
2011	Wildfire	1	3	155000	35.27
2011	Wildfire	1	6	0	35.27
2011	Wildfire	1	0	0	35.27
2011	Wildfire	1	1	0	35.27
2011	Wildfire	1	0	30000	35.27
2011	Drought	0	0	0	35.27
2011	Drought	0	0	0	35.27
2011	Drought	0	0	0	35.27
2011	Drought	0	0	0	35.27
2011	Drought	0	0	0	35.27
2011	Drought	0	0	0	35.27
2011	Drought	0	0	0	35.27
2011	Drought	0	0	0	35.27
2011	Drought	0	0	0	35.27
2011	Drought	0	0	0	35.27
2011	Heat	220	48	0	35.27
2011	Heat	160	0	0	35.27
2011	Heat	90	223	0	35.27
2011	Heat	70	0	0	35.27
2011	Heat	60	0	0	35.27
2011	Heat	50	0	0	35.27
2011	Heat	40	130	0	35.27
2011	Heat	40	0	0	35.27
2011	Heat	31	135	0	35.27
2011	Heat	31	210	0	35.27
2011	Tropical Storm	10	0	50000	35.27
2011	Tropical Storm	10	0	167000	35.27
2011	Tropical Storm	10	0	100000	35.27
2011	Tropical Storm	2	0	0	35.27
2011	Tropical Storm	2	0	10000000	35.27
2011	Tropical Storm	1	0	550000	35.27
2011	Tropical Storm	1	0	0	35.27
2011	Tropical Storm	1	2	0	35.27
2011	Tropical Storm	1	0	175000	35.27
2011	Tropical Storm	1	0	10000000	35.27
2011	Hurricane	1	1	10000000	35.27
2011	Hurricane	0	0	10000000	35.27
2011	Hurricane	0	0	25000000	35.27
2011	Hurricane	0	0	10000000	35.27
2011	Hurricane	0	0	5000000	35.27
2011	Hurricane	0	0	10000000	35.27
2011	Hurricane	0	0	5000000	35.27
2011	Hurricane	0	0	10000000	35.27
2011	Hurricane	0	0	10000000	35.27
2011	Hurricane	0	0	500000	35.27
2011	Tsunami	1	0	3000000	35.27
2011	Tsunami	0	0	1800000	35.27
2011	Tsunami	0	0	4000000	35.27
2011	Tsunami	0	0	0	35.27
2011	Tsunami	0	0	0	35.27
2011	Tsunami	0	0	0	35.27
2011	Tsunami	0	0	7500000	35.27
2011	Tsunami	0	0	14200000	35.27
2011	Tsunami	0	0	26600000	35.27
2011	Tsunami	0	0	154000	35.27
2012	Tornado	60	80	75000000	8.05
2012	Tornado	60	40	5000000	12.8
2012	Tornado	21	30	2000000	11.4
2012	Tornado	20	7	10000000	12.3
2012	Tornado	10	0	15000	24.7
2012	Tornado	8	95	2000000	17
2012	Tornado	5	0	2000000	10.6
2012	Tornado	4	8	20000000	9.7
2012	Tornado	4	0	750000	8.9
2012	Tornado	3	13	5660000	8.05
2012	Hail	0	0	0	30
2012	Hail	0	0	0	20.55
2012	Hail	0	0	0	18.35
2012	Hail	0	0	0	25.25
2012	Hail	0	0	0	25
2012	Hail	0	0	0	25
2012	Hail	0	0	0	15.3
2012	Thunderstorm	30	0	250000	29.7
2012	Thunderstorm	20	1	0	26.4
2012	Thunderstorm	20	0	10000	31.35
2012	Thunderstorm	20	0	0	31.4
2012	Thunderstorm	20	0	1000000	28.6
2012	Thunderstorm	20	0	0	30.55
2012	Thunderstorm	10	0	0	25.55
2012	Thunderstorm	10	0	0	29.45
2012	Thunderstorm	10	0	25000	28.9
2012	Thunderstorm	10	0	0	28.6
2012	Other	20	0	49800000	41.35
2012	Other	20	0	0	41.35
2012	Other	10	0	0	41.35
2012	Other	10	0	0	41.35
2012	Other	10	0	0	41.35
2012	Other	10	0	0	12.8
2012	Other	10	0	0	41.35
2012	Other	10	0	0	41.35
2012	Other	10	0	0	41.35
2012	Other	10	0	0	25
2012	Flood	23	0	0	41.35
2012	Flood	20	0	0	29.2
2012	Flood	10	0	0	26.9
2012	Flood	10	0	30000	25.6
2012	Flood	10	0	0	24.7
2012	Flood	10	0	20000	21.95
2012	Flood	10	1	20000	23.75
2012	Flood	10	0	0	22.95
2012	Flood	10	0	20000000	25
2012	Flood	10	0	0	25.55
2012	High Wind	11	0	2500000	41.35
2012	High Wind	10	0	30000	41.35
2012	High Wind	10	2	439000	41.35
2012	High Wind	10	0	20000	41.35
2012	High Wind	6	0	129000000	41.35
2012	High Wind	6	1	1000000	41.35
2012	High Wind	5	0	1000000	41.35
2012	High Wind	5	0	900000	41.35
2012	High Wind	4	0	900000	41.35
2012	High Wind	4	0	1000000	41.35
2012	Winter Storm	11	0	750000	41.35
2012	Winter Storm	10	0	0	41.35
2012	Winter Storm	10	0	0	41.35
2012	Winter Storm	10	0	0	41.35
2012	Winter Storm	10	0	0	41.35
2012	Winter Storm	2	0	0	41.35
2012	Winter Storm	2	7	100000	41.35
2012	Winter Storm	2	2	0	41.35
2012	Winter Storm	2	1	25000	41.35
2012	Winter Storm	2	10	5600000	41.35
2012	Wildfire	10	30	3670000	41.35
2012	Wildfire	10	2	0	41.35
2012	Wildfire	3	0	11000000	41.35
2012	Wildfire	2	0	400000000	41.35
2012	Wildfire	1	0	1500	41.35
2012	Wildfire	1	0	0	41.35
2012	Wildfire	1	20	70000	41.35
2012	Wildfire	1	0	4530000	41.35
2012	Wildfire	0	0	0	41.35
2012	Wildfire	0	0	0	41.35
2012	Drought	0	0	0	41.35
2012	Drought	0	0	0	41.35
2012	Drought	0	0	0	41.35
2012	Drought	0	0	600000	41.35
2012	Drought	0	0	0	41.35
2012	Drought	0	0	0	41.35
2012	Drought	0	0	0	41.35
2012	Drought	0	0	0	41.35
2012	Drought	0	0	0	41.35
2012	Drought	0	0	0	41.35
2012	Heat	232	0	750000	41.35
2012	Heat	140	84	0	41.35
2012	Heat	70	0	0	41.35
2012	Heat	50	0	0	41.35
2012	Heat	30	0	0	41.35
2012	Heat	30	0	0	41.35
2012	Heat	30	0	0	41.35
2012	Heat	30	0	0	41.35
2012	Heat	30	0	0	41.35
2012	Heat	20	43	0	41.35
2012	Tropical Storm	10	0	0	41.35
2012	Tropical Storm	10	1	300000	41.35
2012	Tropical Storm	10	0	0	41.35
2012	Tropical Storm	10	0	0	41.35
2012	Tropical Storm	0	0	5000	41.35
2012	Tropical Storm	0	0	350000	41.35
2012	Tropical Storm	0	0	100000	41.35
2012	Tropical Storm	0	0	50000	41.35
2012	Tropical Storm	0	0	100000	41.35
2012	Tropical Storm	0	0	600000	41.35
2012	Hurricane	0	0	0	41.35
2012	Hurricane	0	0	6020000	41.35
2012	Hurricane	0	0	502000	41.35
2012	Hurricane	0	0	585000	41.35
2012	Hurricane	0	0	100000	41.35
2012	Hurricane	0	0	3250000	41.35
2012	Hurricane	0	0	164500	41.35
2012	Hurricane	0	0	10190000	41.35
2012	Hurricane	0	0	5485000	41.35
2012	Hurricane	0	0	1019000	41.35
2013	Tornado	240	207	2000000000	24.3
2013	Tornado	8	26	300000	24.45
2013	Tornado	6	54	143000000	24.45
2013	Tornado	3	121	910000000	15.9
2013	Tornado	3	33	5500000	20.4
2013	Tornado	1	0	500000	23.9
2013	Tornado	1	5	700000	23.85
2013	Tornado	1	9	60000000	13.35
2013	Tornado	1	0	25000	25.25
2013	Tornado	1	2	1000000	18.35
2013	Hail	0	0	0	21.65
2013	Hail	0	0	0	6.95
2013	Hail	0	0	0	7.5
2013	Hail	0	0	0	6.95
2013	Hail	0	0	0	7.5
2013	Hail	0	0	0	20.55
2013	Hail	0	0	0	10.8
2013	Hail	0	0	3000	23.9
2013	Hail	0	0	0	12.2
2013	Hail	0	0	0	27.5
2013	Thunderstorm	2	1	0	22.5
2013	Thunderstorm	2	0	10000	31.7
2013	Thunderstorm	1	0	75000	25
2013	Thunderstorm	1	0	3000	26.95
2013	Thunderstorm	1	0	0	18.3
2013	Thunderstorm	1	0	0	26.1
2013	Thunderstorm	1	2	0	29.75
2013	Thunderstorm	1	0	0	18.05
2013	Thunderstorm	1	0	0	11.7
2013	Thunderstorm	1	0	0	21.65
2013	Other	10	0	0	35.98
2013	Other	10	0	0	35.98
2013	Other	5	0	0	35.98
2013	Other	4	0	900000	35.98
2013	Other	3	0	0	35.98
2013	Other	3	0	0	35.98
2013	Other	3	12	500000	35.98
2013	Other	3	3	0	35.98
2013	Other	3	25	500000	35.98
2013	Other	2	0	0	35.98
2013	Flood	20	0	25000	13.9
2013	Flood	10	0	0	22.4
2013	Flood	10	0	0	9.15
2013	Flood	7	0	0	23.9
2013	Flood	5	0	50000	25.4
2013	Flood	5	1	9200000	24.45
2013	Flood	4	0	100000000	20.85
2013	Flood	3	2	15000	14.7
2013	Flood	3	2	0	10
2013	Flood	2	0	0	22.6
2013	High Wind	2	0	0	35.98
2013	High Wind	2	0	0	35.98
2013	High Wind	1	0	0	11.6
2013	High Wind	1	0	20000	35.98
2013	High Wind	1	0	50000	35.98
2013	High Wind	1	1	300000	35.98
2013	High Wind	1	0	100000	35.98
2013	High Wind	1	0	0	35.98
2013	High Wind	1	0	0	35.98
2013	High Wind	1	0	15000	35.98
2013	Winter Storm	4	0	1000000	35.98
2013	Winter Storm	3	0	2000000	35.98
2013	Winter Storm	3	0	17000000	35.98
2013	Winter Storm	3	0	330000	35.98
2013	Winter Storm	3	0	0	35.98
2013	Winter Storm	2	0	0	35.98
2013	Winter Storm	2	0	0	35.98
2013	Winter Storm	2	0	0	35.98
2013	Winter Storm	2	0	0	35.98
2013	Winter Storm	2	250	10000000	35.98
2013	Wildfire	19	0	0	35.98
2013	Wildfire	1	2	0	35.98
2013	Wildfire	0	0	400000	35.98
2013	Wildfire	0	0	2000000	35.98
2013	Wildfire	0	0	0	35.98
2013	Wildfire	0	0	3000000	35.98
2013	Wildfire	0	0	0	35.98
2013	Wildfire	0	0	0	35.98
2013	Wildfire	0	0	1000000	35.98
2013	Wildfire	0	0	0	35.98
2013	Drought	0	0	0	35.98
2013	Drought	0	0	0	35.98
2013	Drought	0	0	0	35.98
2013	Drought	0	0	0	35.98
2013	Drought	0	0	0	35.98
2013	Drought	0	0	0	35.98
2013	Drought	0	0	0	35.98
2013	Drought	0	0	0	35.98
2013	Drought	0	0	0	35.98
2013	Drought	0	0	0	35.98
2013	Heat	37	213	0	35.98
2013	Heat	5	0	0	35.98
2013	Heat	4	0	0	35.98
2013	Heat	4	0	0	35.98
2013	Heat	3	0	0	35.98
2013	Heat	3	0	0	35.98
2013	Heat	2	0	0	35.98
2013	Heat	2	0	0	35.98
2013	Heat	2	0	0	35.98
2013	Heat	2	0	0	35.98
2013	Tropical Storm	0	0	0	35.98
2013	Tropical Storm	0	0	0	35.98
2013	Tropical Storm	0	0	0	35.98
2013	Tropical Storm	0	0	0	35.98
2013	Tropical Storm	0	0	1000	35.98
2013	Tropical Storm	0	0	1000	35.98
2013	Tropical Storm	0	0	1000	35.98
2013	Tropical Storm	0	0	1000	35.98
2013	Tropical Storm	0	0	1000	35.98
2013	Tropical Storm	0	0	1000	35.98
2013	Hurricane	0	0	10000000	35.98
2013	Hurricane	0	0	50000	35.98
2013	Tsunami	0	0	0	35.98
2013	Tsunami	0	0	0	35.98
2013	Tsunami	0	0	0	35.98
2013	Tsunami	0	2	0	35.98
2013	Tsunami	0	0	0	35.98
2014	Tornado	40	0	600000	24.7
2014	Tornado	30	50	25000000	16.95
2014	Tornado	20	0	2200000	18.1
2014	Tornado	12	167	210000000	21.4
2014	Tornado	10	81	115000000	23.9
2014	Tornado	3	25	13000000	18.3
2014	Tornado	1	1	450000	17.75
2014	Tornado	1	10	13000000	22.8
2014	Tornado	1	0	1000000	20.3
2014	Tornado	1	16	15000000	17.8
2014	Hail	3	0	302000	27.5
2014	Hail	0	0	0	20
2014	Hail	0	0	0	18.9
2014	Hail	0	0	0	9.7
2014	Hail	0	0	0	10.6
2014	Hail	0	0	0	22.5
2014	Hail	0	0	0	23.05
2014	Hail	0	0	0	23.05
2014	Hail	0	0	0	23.05
2014	Hail	0	0	0	11.65
2014	Thunderstorm	20	1	0	15.3
2014	Thunderstorm	10	0	0	26.1
2014	Thunderstorm	10	1	0	24.15
2014	Thunderstorm	10	2	0	14.15
2014	Thunderstorm	10	0	0	24.4
2014	Thunderstorm	10	0	0	26.6
2014	Thunderstorm	10	0	3000	22.8
2014	Thunderstorm	3	31	750000	22.65
2014	Thunderstorm	2	0	35000	21.65
2014	Thunderstorm	2	0	0	20
2014	Other	43	12	60000000	0.3
2014	Other	20	2	0	34.4
2014	Other	10	0	0	34.4
2014	Other	10	0	0	34.4
2014	Other	10	1	0	34.4
2014	Other	10	2	0	34.4
2014	Other	10	1	0	34.4
2014	Other	10	0	0	34.4
2014	Other	10	0	0	34.4
2014	Other	10	0	0	34.4
2014	Flood	20	0	0	15.7
2014	Flood	20	0	0	22.5
2014	Flood	10	0	150000000	22.25
2014	Flood	10	0	0	11.2
2014	Flood	10	1	0	17.1
2014	Flood	10	0	20000	12.9
2014	Flood	3	0	1000	12.5
2014	Flood	2	0	500000	18.05
2014	Flood	2	0	8000	8.85
2014	Flood	2	0	1500000	25
2014	High Wind	20	0	0	-0.25
2014	High Wind	11	0	0	34.4
2014	High Wind	10	0	400000	34.4
2014	High Wind	10	2	80000	34.4
2014	High Wind	10	0	18000	34.4
2014	High Wind	10	2	0	34.4
2014	High Wind	10	2	400000	34.4
2014	High Wind	2	0	0	12.2
2014	High Wind	2	13	5000	34.4
2014	High Wind	1	0	50000	34.4
2014	Winter Storm	20	0	0	34.4
2014	Winter Storm	20	8	15000	34.4
2014	Winter Storm	10	0	0	34.4
2014	Winter Storm	10	0	0	34.4
2014	Winter Storm	10	50	0	34.4
2014	Winter Storm	10	0	0	34.4
2014	Winter Storm	10	0	8000	34.4
2014	Winter Storm	10	0	0	34.4
2014	Winter Storm	10	0	0	34.4
2014	Winter Storm	10	0	0	34.4
2014	Wildfire	1	0	25000	34.4
2014	Wildfire	1	0	10000000	34.4
2014	Wildfire	0	0	0	34.4
2014	Wildfire	0	0	1000000	34.4
2014	Wildfire	0	0	0	34.4
2014	Wildfire	0	0	20000	34.4
2014	Wildfire	0	0	5000	34.4
2014	Wildfire	0	0	0	34.4
2014	Wildfire	0	0	7000000	34.4
2014	Wildfire	0	0	0	34.4
2014	Drought	0	0	0	34.4
2014	Drought	0	0	0	34.4
2014	Drought	0	0	0	34.4
2014	Drought	0	0	0	34.4
2014	Drought	0	0	0	34.4
2014	Drought	0	0	0	34.4
2014	Drought	0	0	0	34.4
2014	Drought	0	0	0	34.4
2014	Drought	0	0	0	34.4
2014	Drought	0	0	0	34.4
2014	Heat	10	0	0	34.4
2014	Heat	3	0	0	34.4
2014	Heat	2	0	0	34.4
2014	Heat	1	0	0	34.4
2014	Heat	1	0	0	34.4
2014	Heat	1	0	0	34.4
2014	Heat	1	0	0	34.4
2014	Heat	1	0	0	34.4
2014	Heat	1	0	0	34.4
2014	Heat	1	0	0	34.4
2014	Tropical Storm	0	0	0	34.4
2014	Tropical Storm	0	0	0	34.4
2014	Tropical Storm	0	0	0	34.4
2014	Tropical Storm	0	0	0	34.4
2014	Tropical Storm	0	0	0	34.4
2014	Tropical Storm	0	0	0	34.4
2014	Tropical Storm	0	0	0	34.4
2014	Tropical Storm	0	0	0	34.4
2014	Tropical Storm	0	0	0	34.4
2014	Tropical Storm	0	0	0	34.4
2014	Hurricane	0	0	100000	34.4
2014	Hurricane	0	0	100000	34.4
2014	Hurricane	0	0	670000	34.4
2014	Hurricane	0	0	100000	34.4
2015	Tornado	20	43	40000000	24.15
2015	Tornado	20	11	8000000	10.9
2015	Tornado	10	2	300000	24.7
2015	Tornado	10	6	700000	22.5
2015	Tornado	10	468	26000000	22.4
2015	Tornado	6	1	1960000	19.35
2015	Tornado	2	119	1400000	18.35
2015	Tornado	2	0	500000	15.85
2015	Tornado	2	8	1500000	21.95
2015	Tornado	2	19	600000	17.25
2015	Hail	0	0	0	21.1
2015	Hail	0	0	100	26.9
2015	Hail	0	0	0	22.5
2015	Hail	0	0	0	24.9
2015	Hail	0	0	0	20.3
2015	Hail	0	0	0	15.55
2015	Hail	0	0	0	15.55
2015	Hail	0	0	0	15.55
2015	Hail	0	0	100	27.5
2015	Hail	0	0	0	17.25
2015	Thunderstorm	40	3	3000	17.2
2015	Thunderstorm	10	0	5000	25.55
2015	Thunderstorm	10	0	0	25.6
2015	Thunderstorm	10	0	0	25.3
2015	Thunderstorm	10	0	0	23.3
2015	Thunderstorm	10	0	0	22.7
2015	Thunderstorm	10	4	3000	20.3
2015	Thunderstorm	10	1	0	26.65
2015	Thunderstorm	10	0	0	27.6
2015	Thunderstorm	10	0	0	26.35
2015	Other	20	1	0	37.15
2015	Other	11	0	0	37.15
2015	Other	10	0	0	37.15
2015	Other	10	0	0	37.15
2015	Other	10	0	0	28.9
2015	Other	10	0	0	37.15
2015	Other	10	0	0	37.15
2015	Other	10	0	0	37.15
2015	Other	10	0	0	27.75
2015	Other	10	0	0	21.95
2015	Flood	100	0	100000000	21.95
2015	Flood	61	0	25000000	25
2015	Flood	40	15	3500000	23.35
2015	Flood	30	0	10000	23.3
2015	Flood	20	0	1000000	22.25
2015	Flood	20	0	0	20
2015	Flood	20	0	4000000	23.6
2015	Flood	20	0	0	22.5
2015	Flood	20	0	1000000	25.55
2015	Flood	13	3	750000	26.4
2015	High Wind	30	3	0	37.15
2015	High Wind	20	1	0	6.7
2015	High Wind	10	2	24000	37.15
2015	High Wind	4	0	0	37.15
2015	High Wind	2	0	0	12.1
2015	High Wind	2	5	1000	9.7
2015	High Wind	2	0	250000	37.15
2015	High Wind	1	0	1500000	37.15
2015	High Wind	1	0	20000	37.15
2015	High Wind	1	0	0	37.15
2015	Winter Storm	30	0	0	37.15
2015	Winter Storm	20	0	0	37.15
2015	Winter Storm	20	0	0	37.15
2015	Winter Storm	20	0	0	37.15
2015	Winter Storm	10	0	40000	37.15
2015	Winter Storm	10	0	0	37.15
2015	Winter Storm	3	1	0	37.15
2015	Winter Storm	3	0	20000	37.15
2015	Winter Storm	3	0	0	37.15
2015	Winter Storm	3	0	0	37.15
2015	Wildfire	4	4	0	37.15
2015	Wildfire	2	1	0	37.15
2015	Wildfire	1	0	0	37.15
2015	Wildfire	1	1	8500000	37.15
2015	Wildfire	1	0	1000	37.15
2015	Wildfire	0	0	0	37.15
2015	Wildfire	0	0	0	37.15
2015	Wildfire	0	0	0	37.15
2015	Wildfire	0	0	0	37.15
2015	Wildfire	0	0	0	37.15
2015	Drought	0	0	0	37.15
2015	Drought	0	0	0	37.15
2015	Drought	0	0	0	37.15
2015	Drought	0	0	0	37.15
2015	Drought	0	0	0	37.15
2015	Drought	0	0	0	37.15
2015	Drought	0	0	0	37.15
2015	Drought	0	0	0	37.15
2015	Drought	0	0	0	37.15
2015	Drought	0	0	0	37.15
2015	Heat	20	0	0	37.15
2015	Heat	13	0	0	37.15
2015	Heat	11	17	0	37.15
2015	Heat	11	0	0	37.15
2015	Heat	10	0	0	37.15
2015	Heat	10	0	0	37.15
2015	Heat	10	10	0	37.15
2015	Heat	10	0	0	37.15
2015	Heat	10	0	0	37.15
2015	Heat	10	0	0	37.15
2015	Tropical Storm	90	0	2000000	37.15
2015	Tropical Storm	0	0	0	37.15
2015	Tropical Storm	0	0	0	37.15
2015	Tropical Storm	0	0	0	37.15
2015	Tropical Storm	0	0	0	37.15
2015	Tropical Storm	0	0	0	37.15
2015	Tropical Storm	0	0	0	37.15
2015	Tropical Storm	0	0	5000000	37.15
2015	Tropical Storm	0	0	0	37.15
2015	Tropical Storm	0	0	50000	37.15
2015	Hurricane	40	10	4000000	37.15
2015	Hurricane	1	0	50000	37.15
2015	Hurricane	0	0	500000	37.15
2015	Hurricane	0	40	20000000	37.15
2015	Hurricane	0	0	2000000	37.15
2015	Hurricane	0	0	10000	37.15
2015	Hurricane	0	0	5000000	37.15
2015	Tsunami	0	0	0	37.15
2016	Tornado	20	4	150000	15.85
2016	Tornado	10	9	0	12.6
2016	Tornado	10	7	11200000	4.7
2016	Tornado	10	0	105000	18.4
2016	Tornado	10	0	200000	23.9
2016	Tornado	3	8	2600000	13.9
2016	Tornado	1	0	250000	20.3
2016	Tornado	1	0	1000000	20.85
2016	Tornado	0	0	0	20.85
2016	Tornado	0	0	0	23.3
2016	Hail	0	0	0	5.55
2016	Hail	0	0	0	17.8
2016	Hail	0	0	0	24.45
2016	Hail	0	0	0	24.4
2016	Hail	0	0	0	12.2
2016	Hail	0	0	0	12.2
2016	Hail	0	0	0	15.3
2016	Hail	0	0	0	15.3
2016	Hail	0	0	0	16.9
2016	Hail	0	0	0	23.35
2016	Thunderstorm	20	0	0	26.4
2016	Thunderstorm	10	0	0	24.8
2016	Thunderstorm	10	1	25000	26.2
2016	Thunderstorm	10	2	75000	14.45
2016	Thunderstorm	10	0	0	22.5
2016	Thunderstorm	10	1	0	25.3
2016	Thunderstorm	10	2	0	22.8
2016	Thunderstorm	10	2	0	10.6
2016	Thunderstorm	10	0	0	30
2016	Thunderstorm	10	0	0	27.8
2016	Other	30	3	0	39.73
2016	Other	20	0	0	39.73
2016	Other	20	0	0	39.73
2016	Other	20	1	0	39.73
2016	Other	10	0	0	39.73
2016	Other	10	1	0	39.73
2016	Other	10	0	0	39.73
2016	Other	10	0	0	39.73
2016	Other	10	0	0	39.73
2016	Other	10	0	0	39.73
2016	Flood	60	0	35000000	23.05
2016	Flood	40	0	24700000	15
2016	Flood	22	0	62100000	19.15
2016	Flood	20	0	120800000	17.75
2016	Flood	20	0	75000	22.3
2016	Flood	20	0	22400000	25.9
2016	Flood	20	0	32300000	16.95
2016	Flood	16	0	40000000	19.75
2016	Flood	10	0	0	18.05
2016	Flood	10	0	0	14.15
2016	High Wind	30	0	0	18.3
2016	High Wind	30	0	0	20.85
2016	High Wind	20	0	15000	39.73
2016	High Wind	10	0	0	13.9
2016	High Wind	10	0	5000	39.73
2016	High Wind	10	1	350000	39.73
2016	High Wind	10	1	0	39.73
2016	High Wind	10	1	30000	39.73
2016	High Wind	10	0	0	39.73
2016	High Wind	10	0	500000	39.73
2016	Winter Storm	20	0	100000	39.73
2016	Winter Storm	20	0	0	39.73
2016	Winter Storm	20	0	0	39.73
2016	Winter Storm	11	0	0	39.73
2016	Winter Storm	10	1	0	39.73
2016	Winter Storm	10	1	0	39.73
2016	Winter Storm	10	0	0	39.73
2016	Winter Storm	10	0	0	39.73
2016	Winter Storm	10	0	0	39.73
2016	Winter Storm	10	0	0	39.73
2016	Wildfire	2	0	4000000	39.73
2016	Wildfire	0	0	0	39.73
2016	Wildfire	0	0	0	39.73
2016	Wildfire	0	0	0	39.73
2016	Wildfire	0	0	100000	39.73
2016	Wildfire	0	0	0	39.73
2016	Wildfire	0	0	0	39.73
2016	Wildfire	0	0	0	39.73
2016	Wildfire	0	0	0	39.73
2016	Wildfire	0	0	0	39.73
2016	Drought	0	0	0	39.73
2016	Drought	0	0	0	39.73
2016	Drought	0	0	0	39.73
2016	Drought	0	0	0	39.73
2016	Drought	0	0	0	39.73
2016	Drought	0	0	0	39.73
2016	Drought	0	0	0	39.73
2016	Drought	0	0	0	39.73
2016	Drought	0	0	0	39.73
2016	Drought	0	0	0	39.73
2016	Heat	1313	0	0	39.73
2016	Heat	41	0	0	39.73
2016	Heat	32	0	0	39.73
2016	Heat	31	0	0	39.73
2016	Heat	31	0	0	39.73
2016	Heat	22	0	0	39.73
2016	Heat	20	0	0	39.73
2016	Heat	17	0	0	39.73
2016	Heat	10	0	0	39.73
2016	Heat	10	0	0	39.73
2016	Tropical Storm	10	0	0	39.73
2016	Tropical Storm	1	0	91000000	39.73
2016	Tropical Storm	1	0	15000000	39.73
2016	Tropical Storm	0	0	0	39.73
2016	Tropical Storm	0	0	5000	39.73
2016	Tropical Storm	0	0	1000000	39.73
2016	Tropical Storm	0	0	0	39.73
2016	Tropical Storm	0	0	0	39.73
2016	Tropical Storm	0	0	0	39.73
2016	Tropical Storm	0	0	0	39.73
2016	Hurricane	14	0	514400000	39.73
2016	Hurricane	0	0	34000000	39.73
2016	Hurricane	0	0	67000000	39.73
2016	Hurricane	0	0	5000000	39.73
2016	Hurricane	0	0	67000000	39.73
2016	Hurricane	0	0	34000000	39.73
2016	Hurricane	0	0	704000	39.73
2016	Hurricane	0	0	0	39.73
2016	Hurricane	0	0	600000	39.73
2016	Hurricane	0	0	600000	39.73
2017	Tornado	70	45	1500000	18.7
2017	Tornado	20	0	500000	18.7
2017	Tornado	20	0	500000	18.7
2017	Tornado	5	32	300000000	15.85
2017	Tornado	4	56	9000000	19.7
2017	Tornado	2	24	600000	24
2017	Tornado	2	14	0	6.95
2017	Tornado	2	0	15000	24.15
2017	Tornado	2	20	700000	24
2017	Tornado	1	0	50000	17.1
2017	Hail	1	0	0	18.9
2017	Hail	0	0	0	18.6
2017	Hail	0	0	0	16.4
2017	Hail	0	0	0	17.5
2017	Hail	0	0	0	20
2017	Hail	0	0	0	20
2017	Hail	0	0	0	19.45
2017	Hail	0	0	0	19.45
2017	Hail	0	0	25000	20.55
2017	Hail	0	0	0	16.95
2017	Thunderstorm	40	0	100000	21.4
2017	Thunderstorm	20	0	0	15.85
2017	Thunderstorm	10	0	250000	15.8
2017	Thunderstorm	10	0	0	21.2
2017	Thunderstorm	3	6	1000000	26.7
2017	Thunderstorm	2	0	0	19.45
2017	Thunderstorm	2	0	5000	21.65
2017	Thunderstorm	1	6	2000	13.3
2017	Thunderstorm	1	1	0	28.85
2017	Thunderstorm	1	1	0	29.15
2017	Other	20	0	0	40.28
2017	Other	10	0	0	40.28
2017	Other	10	0	0	40.28
2017	Other	10	0	0	40.28
2017	Other	10	0	0	40.28
2017	Other	10	0	0	40.28
2017	Other	2	0	0	40.28
2017	Other	2	0	0	40.28
2017	Other	2	2	70000	40.28
2017	Other	2	0	0	40.28
2017	Flood	38	0	10000000000	26.4
2017	Flood	10	0	0	21.4
2017	Flood	10	0	0	17.5
2017	Flood	10	0	1500000000	26.8
2017	Flood	10	0	0	4.7
2017	Flood	10	0	0	9.5
2017	Flood	6	0	10000000000	26.4
2017	Flood	5	1	3000000000	25.5
2017	Flood	4	0	7000000000	24.3
2017	Flood	3	0	8000000000	25.2
2017	High Wind	10	1	7000	40.28
2017	High Wind	10	1	0	40.28
2017	High Wind	2	0	15000	40.28
2017	High Wind	2	0	5000000	40.28
2017	High Wind	2	0	20000000	40.28
2017	High Wind	1	0	28000	40.28
2017	High Wind	1	0	0	40.28
2017	High Wind	1	0	70000	40.28
2017	High Wind	1	3	1000	40.28
2017	High Wind	1	1	12000	40.28
2017	Winter Storm	10	0	58000	40.28
2017	Winter Storm	10	0	0	40.28
2017	Winter Storm	10	0	0	40.28
2017	Winter Storm	10	0	0	40.28
2017	Winter Storm	4	0	0	40.28
2017	Winter Storm	3	0	0	40.28
2017	Winter Storm	3	0	0	40.28
2017	Winter Storm	2	0	0	40.28
2017	Winter Storm	2	0	0	40.28
2017	Winter Storm	1	2	1000	40.28
2017	Wildfire	80	1	38400000	40.28
2017	Wildfire	3	0	0	40.28
2017	Wildfire	1	2	25100000	40.28
2017	Wildfire	1	0	0	40.28
2017	Wildfire	1	0	0	40.28
2017	Wildfire	1	1	0	40.28
2017	Wildfire	0	0	0	40.28
2017	Wildfire	0	0	0	40.28
2017	Wildfire	0	0	10000	40.28
2017	Wildfire	0	0	0	40.28
2017	Drought	0	0	0	40.28
2017	Drought	0	0	0	40.28
2017	Drought	0	0	0	40.28
2017	Drought	0	0	0	40.28
2017	Drought	0	0	0	40.28
2017	Drought	0	0	0	40.28
2017	Drought	0	0	0	40.28
2017	Drought	0	0	0	40.28
2017	Drought	0	0	0	40.28
2017	Drought	0	0	0	40.28
2017	Heat	20	0	0	40.28
2017	Heat	18	0	0	40.28
2017	Heat	14	0	0	40.28
2017	Heat	10	29	0	40.28
2017	Heat	8	0	0	40.28
2017	Heat	8	0	0	40.28
2017	Heat	6	0	0	40.28
2017	Heat	6	0	0	40.28
2017	Heat	5	0	0	40.28
2017	Heat	5	0	0	40.28
2017	Tropical Storm	38	0	10000000000	40.28
2017	Tropical Storm	6	0	10000000000	40.28
2017	Tropical Storm	6	0	110000000	40.28
2017	Tropical Storm	4	0	300000000	40.28
2017	Tropical Storm	4	0	7000000000	40.28
2017	Tropical Storm	3	0	350000000	40.28
2017	Tropical Storm	3	0	8000000000	40.28
2017	Tropical Storm	2	0	1500000	40.28
2017	Tropical Storm	1	1	100000	40.28
2017	Tropical Storm	1	0	600000000	40.28
2017	Hurricane	4	0	360000000	40.28
2017	Hurricane	3	0	68980000	40.28
2017	Hurricane	3	0	7000000	40.28
2017	Hurricane	2	0	594450000	40.28
2017	Hurricane	2	64	1750000000	40.28
2017	Hurricane	1	0	222500000	40.28
2017	Hurricane	1	0	250000000	40.28
2017	Hurricane	1	0	7000000	40.28
2017	Hurricane	1	0	163140000	40.28
2017	Hurricane	1	0	0	40.28
